pass,point_index,i_power,j_freq,pump_power_dbm,pump_freq_ghz,pump_current_peak_a,status,pump_status,gain_status,warm_started,warm_retry_reseed,pump_predictor,pump_failure_reason,gain_failure_reason,gain_db,gain_vs_off_db,gain_vs_pumpdiag_db,signal_ghz,linear_rel_residual,pump_runtime_s,pump_wall_runtime_s,pump_setup_runtime_s,pump_schur_setup_runtime_s,pump_solve_wall_runtime_s,pump_write_runtime_s,pump_factor_runtime_s,pump_preconditioner_assembly_runtime_s,pump_preconditioner_numeric_factor_runtime_s,pump_newton_total,pump_gmres_total,pump_coeff_rel,pump_time_rel,pump_branch_current_max,pump_continuation_method,pump_continuation_steps,pump_continuation_reached_target,pump_continuation_fold_lambda,pump_continuation_runtime_s,gain_total_runtime_s,gain_wall_runtime_s,gain_gamma_hat_runtime_s,gain_khat_build_runtime_s,gain_khat_off_runtime_s,gain_matrix_assemble_runtime_s,gain_factor_solve_runtime_s,gain_baseline_off_runtime_s,gain_baseline_pumpdiag_runtime_s,spectrum_peak_gain_db,spectrum_peak_signal_ghz,elapsed_s,pump_dir
warm,0,0,0,-24.2,8.1530612245,6.5415437970097505e-06,PASS,VALID_CONVERGED,VALID_SOLVED,True,False,none,,,19.669330314506304,20.063509674611467,23.49955063668045,8.0530612245,2.9418997533558605e-12,0.805803700000979,0.8546277999994345,0.007759900006931275,2.7999922167509794e-06,0.8121096000249963,0.034713300003204495,0.5727964999969117,0.0,0.0,1,1,6.764258505177554e-13,1.7010644919941108e-12,1.639821867355957e-06,direct,,,,,0.8107546999817714,0.8107527999964077,0.09313940000720322,0.02411469997605309,0.0005619000003207475,0.17582589999074116,0.4537832000060007,0.005669800011673942,0.003811799979303032,,,1.6670653000182938,diagnostics\2c_measurement_comparison\matched_8153_seeded_step005\warm\points\point_0000_p_m24p2dbm_fp_8p15306ghz\pump
warm,1,1,0,-24.195,8.1530612245,6.5453104963569894e-06,PASS,VALID_CONVERGED,VALID_SOLVED,True,False,none,,,19.7110246653113,20.105204025416462,23.532225749194993,8.0530612245,3.1065573249637597e-12,2.8083288999914657,2.8658354000071995,0.009173300000838935,2.4999899324029684e-06,2.817312800005311,0.03929239997523837,2.0433381000475492,0.0,0.0,3,3,3.940207422244899e-10,3.9402371227472346e-10,1.6359640379368953e-06,direct,,,,,0.9546990999951959,0.9546978000144009,0.14826350001385435,0.023475599999073893,0.0005594000103883445,0.21878739999374375,0.4759739000000991,0.006939100014278665,0.0068728000042028725,,,3.8228256999864243,diagnostics\2c_measurement_comparison\matched_8153_seeded_step005\warm\points\point_0001_p_m24p195dbm_fp_8p15306ghz\pump
warm,2,2,0,-24.189999999999998,8.1530612245,6.549079364614886e-06,PASS,VALID_CONVERGED,VALID_SOLVED,True,False,secant,,,19.77111040746965,20.165289767574812,23.585245184356264,8.0530612245,3.3425298802844403e-12,2.677565499994671,2.7332096000027377,0.010225199977867305,2.5999906938523054e-06,2.685077200003434,0.037863200006540865,1.9994813000084832,0.0,0.0,3,3,6.989080868586853e-13,1.7195039933434187e-12,1.6303941686657002e-06,direct,,,,,0.9575228999892715,0.9575219000107609,0.11055660000420175,0.024587499996414408,0.00053039999329485,0.23861679999390617,0.5186689000111073,0.004572900012135506,0.005538800003705546,,,3.6938313999853563,diagnostics\2c_measurement_comparison\matched_8153_seeded_step005\warm\points\point_0002_p_m24p19dbm_fp_8p15306ghz\pump
warm,3,3,0,-24.185,8.1530612245,6.552850403032313e-06,PASS,VALID_CONVERGED,VALID_SOLVED,True,False,secant,,,19.853113701203558,20.24729306130872,23.658764133476694,8.0530612245,3.002949047402018e-12,2.718144599988591,2.769109999993816,0.008647699985885993,2.7999922167509794e-06,2.727490699995542,0.032931900001131,2.016326000011759,0.0,0.0,3,3,9.035437136399207e-13,1.815202760010448e-12,1.622501301806611e-06,direct,,,,,0.9430864999885671,0.9430856000108179,0.14867880000383593,0.026030799985164776,0.000766699988162145,0.2027914999925997,0.4990045000158716,0.004789399972651154,0.006020800006808713,,,3.714363700011745,diagnostics\2c_measurement_comparison\matched_8153_seeded_step005\warm\points\point_0003_p_m24p185dbm_fp_8p15306ghz\pump
warm,4,4,0,-24.18,8.1530612245,6.556623612858858e-06,PASS,VALID_CONVERGED,VALID_SOLVED,True,False,secant,,,20.001589010603084,20.39576837070825,23.783947761176204,8.0530612245,3.927636876211332e-12,3.54669119999744,3.600831099989591,0.008251299994299188,1.9999861251562834e-06,3.5561941000050865,0.036342899984447286,2.61021160002565,0.0,0.0,4,4,9.136827299718559e-13,1.777799888772691e-12,1.6310477216616601e-06,direct,,,,,0.9763103000004776,0.9763087999890558,0.1720814000000246,0.02597240000613965,0.0004909000126644969,0.20146060001570731,0.4890376999974251,0.0074013000121340156,0.004397799988510087,,,4.578176400013035,diagnostics\2c_measurement_comparison\matched_8153_seeded_step005\warm\points\point_0004_p_m24p18dbm_fp_8p15306ghz\pump
warm,5,5,0,-24.175,8.1530612245,6.5603989953448675e-06,PASS,VALID_CONVERGED,VALID_SOLVED,True,False,secant,,,20.671556680686855,21.065736040792018,24.26848742065372,8.0530612245,3.4033497021776328e-12,5.803569300012896,5.997703500004718,0.01047649999964051,1.7999846022576094e-06,5.811397500016028,0.17578749998938292,4.17226160003338,0.0,0.0,7,7,7.340392975901883e-13,1.7384569139248405e-12,1.6821806189414464e-06,direct,,,,,0.905342300015036,0.9053410000051372,0.14077889997861348,0.02647650000290014,0.0008338000043295324,0.17859140000655316,0.49956090000341646,0.004389000008814037,0.0055739000090397894,,,6.9037330000137445,diagnostics\2c_measurement_comparison\matched_8153_seeded_step005\warm\points\point_0005_p_m24p175dbm_fp_8p15306ghz\pump
warm,6,6,0,-24.169999999999998,8.1530612245,6.564176551741389e-06,PASS,VALID_CONVERGED,VALID_SOLVED,True,False,secant,,,20.755116090667215,21.14929545077238,24.342323968520795,8.0530612245,2.7552435864311384e-12,4.21873309998773,4.29628369997954,0.010885700001381338,2.100015990436077e-06,4.231503899995005,0.05384460001369007,3.1908557999995537,0.0,0.0,5,5,2.4024061035278347e-12,2.860401385020784e-12,1.6825803513898731e-06,direct,,,,,0.9984059999987949,0.9984048000187613,0.16972499998519197,0.025889300013659522,0.0005425999988801777,0.2299858999904245,0.49909510000725277,0.006378899997798726,0.005190600000787526,,,5.29606180000701,diagnostics\2c_measurement_comparison\matched_8153_seeded_step005\warm\points\point_0006_p_m24p17dbm_fp_8p15306ghz\pump
warm,7,7,0,-24.165,8.1530612245,6.567956283300154e-06,PASS,VALID_CONVERGED,VALID_SOLVED,True,False,secant,,,20.812883424027035,21.207062784132198,24.399732145396932,8.0530612245,2.97778423146042e-12,2.7050418999860995,2.7613115000131074,0.007500000006984919,1.6999838408082724e-06,2.714736800000537,0.03903780001564883,1.9731651000329293,0.0,0.0,3,3,6.6747551080089e-13,1.6804323892293096e-12,1.6820988097510986e-06,direct,,,,,0.9409483000054024,0.940947099996265,0.12587879999773577,0.02250550000462681,0.0011144999880343676,0.21705020000808872,0.4945838999992702,0.005093099985970184,0.005338999995728955,,,3.703328600007808,diagnostics\2c_measurement_comparison\matched_8153_seeded_step005\warm\points\point_0007_p_m24p165dbm_fp_8p15306ghz\pump
warm,8,8,0,-24.16,8.1530612245,6.571738191273675e-06,PASS,VALID_CONVERGED,VALID_SOLVED,True,False,secant,,,20.859886298569414,21.254065658674577,24.451281429230534,8.0530612245,2.7015311609976025e-12,2.709588800003985,2.7690243999822997,0.006272599974181503,1.5999830793589354e-06,2.7212809000047855,0.04142279998632148,1.9841957000026014,0.0,0.0,3,3,6.728181607161228e-13,1.6879899833261354e-12,1.6785243027563568e-06,direct,,,,,0.7836771000002045,0.7836763999948744,0.09767440002178773,0.021455399983096868,0.0007015999872237444,0.1910931000020355,0.4124454000266269,0.004611100011970848,0.004050199990160763,,,3.5531309999933,diagnostics\2c_measurement_comparison\matched_8153_seeded_step005\warm\points\point_0008_p_m24p16dbm_fp_8p15306ghz\pump
warm,9,9,0,-24.154999999999998,8.1530612245,6.575522276915163e-06,PASS,VALID_CONVERGED,VALID_SOLVED,True,False,secant,,,20.902262796238574,21.296442156343737,24.50158851528547,8.0530612245,3.098601867152589e-12,1.7626250000030268,1.8156375999969896,0.007293200003914535,1.00000761449337e-06,1.7715061000199057,0.03679839998949319,1.327939900016645,0.0,0.0,2,2,4.1181204996695375e-10,4.1181489198832704e-10,1.6729131696432965e-06,direct,,,,,0.9684878999833018,0.9684870000055525,0.15790979997836985,0.022654700005659834,0.0004935000033583492,0.20816280000144616,0.505236099998001,0.005589699983829632,0.007305200007976964,,,2.7850650000036694,diagnostics\2c_measurement_comparison\matched_8153_seeded_step005\warm\points\point_0009_p_m24p155dbm_fp_8p15306ghz\pump
warm,10,10,0,-24.15,8.1530612245,6.579308541478511e-06,PASS,VALID_CONVERGED,VALID_SOLVED,True,False,secant,,,20.943779788467545,21.337959148572708,24.553811880891985,8.0530612245,3.6183899786786732e-12,1.8029117999831215,1.8534014000033494,0.005189799994695932,1.700012944638729e-06,1.812967399979243,0.035201999999117106,1.3152723999810405,0.0,0.0,2,2,2.5087375341487215e-10,2.5087868049094713e-10,1.6666683496451688e-06,direct,,,,,0.8998563000059221,0.899855600000592,0.14315580000402406,0.02649389998987317,0.0005535999953281134,0.2177308000100311,0.4498353999806568,0.003995800012489781,0.0066463999974075705,,,2.7542467000021134,diagnostics\2c_measurement_comparison\matched_8153_seeded_step005\warm\points\point_0010_p_m24p15dbm_fp_8p15306ghz\pump
warm,11,11,0,-24.145,8.1530612245,6.583096986218397e-06,PASS,VALID_CONVERGED,VALID_SOLVED,True,False,secant,,,20.987670031925518,21.38184939203068,24.611016037597476,8.0530612245,3.2654897980508486e-12,1.6895640000002459,1.7363428999960888,0.008425700012594461,1.4999823179095984e-06,1.6967440000153147,0.031134100019698963,1.2390783999871928,0.0,0.0,2,2,2.2158722215450984e-10,2.2159272197960701e-10,1.6632442854450782e-06,direct,,,,,0.8346747000177857,0.8346742000139784,0.14334660000167787,0.02348619999247603,0.0005371000152081251,0.17779079999309033,0.42893560000811704,0.004571900004521012,0.006055200006812811,,,2.5716558000131045,diagnostics\2c_measurement_comparison\matched_8153_seeded_step005\warm\points\point_0011_p_m24p145dbm_fp_8p15306ghz\pump
warm,12,12,0,-24.14,8.1530612245,6.586887612390192e-06,PASS,VALID_CONVERGED,VALID_SOLVED,True,False,secant,,,21.037764125675707,21.431943485780867,24.67717262879514,8.0530612245,3.4148291108378316e-12,1.6200046000012662,1.663620900013484,0.007025600003544241,1.600012183189392e-06,1.626032000000123,0.030530999996699393,1.2213427000097,0.0,0.0,2,2,2.772564736650091e-10,2.772609872873921e-10,1.6582850975980234e-06,direct,,,,,0.8561332999961451,0.8561328000214417,0.12281100000836886,0.02598910001688637,0.0006911999953445047,0.20390320001752116,0.4456207000184804,0.004001000022981316,0.004368299996713176,,,2.5202229999995325,diagnostics\2c_measurement_comparison\matched_8153_seeded_step005\warm\points\point_0012_p_m24p14dbm_fp_8p15306ghz\pump
warm,13,13,0,-24.134999999999998,8.1530612245,6.590680421249977e-06,PASS,VALID_CONVERGED,VALID_SOLVED,True,False,secant,,,21.09997068227171,21.494150042376873,24.758680836916316,8.0530612245,3.4713385635896865e-12,1.7415983999962918,1.800807799998438,0.0052924999909009784,1.2999807950109243e-06,1.752541800000472,0.04293239998514764,1.2163634000171442,0.0,0.0,2,2,5.174621423355448e-10,5.174645150362278e-10,1.6521285692029449e-06,direct,,,,,1.0107559000025503,1.01075449999189,0.23411879999912344,0.027592200000071898,0.0007805000059306622,0.24292369998875074,0.4216749999905005,0.004540199995972216,0.004792299994733185,,,2.8123028999834787,diagnostics\2c_measurement_comparison\matched_8153_seeded_step005\warm\points\point_0013_p_m24p135dbm_fp_8p15306ghz\pump
warm,14,14,0,-24.13,8.1530612245,6.594475414054576e-06,PASS,VALID_CONVERGED,VALID_SOLVED,True,False,secant,,,21.18551979333082,21.57969915343599,24.86790811595931,8.0530612245,3.6184152906296943e-12,2.5900171999819577,2.650256900000386,0.009931399981724098,1.600012183189392e-06,2.598837800003821,0.04144380000070669,1.809182700002566,0.0,0.0,3,3,6.905419760881622e-13,1.7162776887648816e-12,1.6454126615546247e-06,direct,,,,,0.90973829998984,0.9097369999799412,0.12640549999196082,0.02292349998606369,0.0005190999945625663,0.22807729998021387,0.4692026000120677,0.0038807000091765076,0.003950099984649569,,,3.561331800010521,diagnostics\2c_measurement_comparison\matched_8153_seeded_step005\warm\points\point_0014_p_m24p13dbm_fp_8p15306ghz\pump
warm,15,15,0,-24.125,8.1530612245,6.598272592061539e-06,PASS,VALID_CONVERGED,VALID_SOLVED,True,False,secant,,,21.319713895881478,21.71389325598664,25.033105590094888,8.0530612245,3.6350912391931716e-12,2.7159962999867275,2.7712904999789316,0.009265300002880394,1.500011421740055e-06,2.726675799989607,0.035305900004459545,2.056129200005671,0.0,0.0,3,3,6.805630672667627e-13,1.7076292116936334e-12,1.6387930323034585e-06,direct,,,,,0.9659863000269979,0.965985200018622,0.1504727000137791,0.023168099985923618,0.00059710000641644,0.2039513000054285,0.5140804999973625,0.0045925000158604234,0.005470000003697351,,,3.7382595000090078,diagnostics\2c_measurement_comparison\matched_8153_seeded_step005\warm\points\point_0015_p_m24p125dbm_fp_8p15306ghz\pump
warm,16,16,0,-24.12,8.1530612245,6.602071956529117e-06,PASS,VALID_CONVERGED,VALID_SOLVED,True,False,secant,,,21.560502558857515,21.954681918962677,25.32215522661182,8.0530612245,3.491890939152679e-12,2.6502843000052962,2.7376184000167996,0.00952829999732785,1.700012944638729e-06,2.6610203000018373,0.06701610001618974,1.9588640999863856,0.0,0.0,3,3,1.1262972611743308e-12,1.9066464093973034e-12,1.6348908721451445e-06,direct,,,,,0.9432205999910366,0.9432191000087187,0.1244081000040751,0.01972729997942224,0.0007165000133682042,0.21206890000030398,0.4832726000167895,0.008386399975279346,0.005880799988517538,,,3.6831726000236813,diagnostics\2c_measurement_comparison\matched_8153_seeded_step005\warm\points\point_0016_p_m24p12dbm_fp_8p15306ghz\pump
warm,17,17,0,-24.115,8.1530612245,6.605873508716308e-06,PASS,VALID_CONVERGED,VALID_SOLVED,True,False,secant,,,21.93001045577261,22.324189815877773,25.788834163670803,8.0530612245,3.2052170447542272e-12,2.396315300022252,2.4460584000044037,0.010703900014050305,1.4999823179095984e-06,2.401985499978764,0.033337799977744,1.768487399967853,0.0,0.0,3,3,1.2078816864283822e-10,1.2079834615035261e-10,1.6343374940167675e-06,direct,,,,,0.8093799000198487,0.8093792000145186,0.125299500010442,0.022725999995600432,0.0005763999943155795,0.1759942999924533,0.42991549998987466,0.004101500002434477,0.003903600008925423,,,3.2560250000096858,diagnostics\2c_measurement_comparison\matched_8153_seeded_step005\warm\points\point_0017_p_m24p115dbm_fp_8p15306ghz\pump
warm,18,18,0,-24.11,8.1530612245,6.609677249882833e-06,ERROR,FAIL,ERROR,True,False,secant,stalled at Newton 5 (reduction ratio 0.982),,,,,,,4.488776299986057,4.538970199995674,0.005363000003853813,1.5999830793589354e-06,4.496228100004373,0.03734389998135157,2.9574182000069413,0.0,0.0,5,5,0.00010257756330892974,0.00010257756330895901,1.6410538684110833e-06,direct,,,,,,,,,,,,,,,,4.5390038000186905,diagnostics\2c_measurement_comparison\matched_8153_seeded_step005\warm\points\point_0018_p_m24p11dbm_fp_8p15306ghz\pump
warm,19,19,0,-24.105,8.1530612245,6.613483181289119e-06,ERROR,FAIL,ERROR,True,False,secant,stalled at Newton 6 (reduction ratio 0.999),,,,,,,6.876906699995743,6.942883999989135,0.007655400026123971,1.9000144675374031e-06,6.884316400013631,0.05087390000699088,3.8491793000139296,0.0,0.0,6,6,0.000594723626507378,0.0005947236265073577,1.644688694450434e-06,direct,,,,,,,,,,,,,,,,6.942909999983385,diagnostics\2c_measurement_comparison\matched_8153_seeded_step005\warm\points\point_0019_p_m24p105dbm_fp_8p15306ghz\pump
warm,20,20,0,-24.099999999999998,8.1530612245,6.61729130419634e-06,ERROR,FAIL,ERROR,True,False,secant,stalled at Newton 4 (reduction ratio 0.965),,,,,,,4.113214199984213,4.190950000018347,0.009444399998756126,1.800013706088066e-06,4.123173100000713,0.05829829999129288,2.416786100016907,0.0,0.0,4,4,0.0014902155498171348,0.001490215549817132,1.6830820983053108e-06,direct,,,,,,,,,,,,,,,,4.190992800024105,diagnostics\2c_measurement_comparison\matched_8153_seeded_step005\warm\points\point_0020_p_m24p1dbm_fp_8p15306ghz\pump
warm,21,21,0,-24.095,8.1530612245,6.6211016198663945e-06,ERROR,FAIL,ERROR,True,False,secant,stalled at Newton 5 (reduction ratio 0.999),,,,,,,5.083933000016259,5.138390400010394,0.008381100022234023,2.400018274784088e-06,5.09433480000007,0.03562670000246726,3.231398999982048,0.0,0.0,5,5,0.0016104263545167548,0.0016104263545167682,1.670414883800463e-06,direct,,,,,,,,,,,,,,,,5.138423100026557,diagnostics\2c_measurement_comparison\matched_8153_seeded_step005\warm\points\point_0021_p_m24p095dbm_fp_8p15306ghz\pump
warm,22,22,0,-24.09,8.1530612245,6.624914129561888e-06,ERROR,FAIL,ERROR,True,False,secant,line search failed at Newton 5,,,,,,,5.473567200009711,5.519855200021993,0.006260699999984354,1.300009898841381e-06,5.482266300008632,0.031296800007112324,3.1808392999810167,0.0,0.0,5,5,0.001302727359301297,0.0013027273593013422,1.6561768219315785e-06,direct,,,,,,,,,,,,,,,,5.5198909000027925,diagnostics\2c_measurement_comparison\matched_8153_seeded_step005\warm\points\point_0022_p_m24p09dbm_fp_8p15306ghz\pump
warm,23,23,0,-24.085,8.1530612245,6.6287288345461736e-06,ERROR,FAIL,ERROR,True,False,secant,stalled at Newton 7 (reduction ratio 0.939),,,,,,,7.0463774999952875,7.098411199986003,0.008770699991146103,2.3999891709536314e-06,7.053738399990834,0.03585379998548888,4.817195600044215,0.0,0.0,7,7,0.0014804464388796436,0.0014804464388796766,1.6516163990977367e-06,direct,,,,,,,,,,,,,,,,7.098470900004031,diagnostics\2c_measurement_comparison\matched_8153_seeded_step005\warm\points\point_0023_p_m24p085dbm_fp_8p15306ghz\pump
warm,24,24,0,-24.08,8.1530612245,6.632545736083333e-06,ERROR,FAIL,ERROR,True,False,secant,line search failed at Newton 12,,,,,,,11.641510999994352,11.692989000002854,0.007743099995423108,1.3999815564602613e-06,11.650127799977781,0.03508299999521114,7.431692300073337,0.0,0.0,12,12,0.0009091481963962913,0.0009091481963961757,1.6750122949134187e-06,direct,,,,,,,,,,,,,,,,11.69301310001174,diagnostics\2c_measurement_comparison\matched_8153_seeded_step005\warm\points\point_0024_p_m24p08dbm_fp_8p15306ghz\pump
warm,25,25,0,-24.075,8.1530612245,6.6363648354381525e-06,ERROR,FAIL,ERROR,True,False,secant,stalled at Newton 4 (reduction ratio 0.904),,,,,,,4.136730400001397,4.185006899992004,0.006664499989710748,1.6999838408082724e-06,4.144967300002463,0.03333929998916574,2.5207542999705765,0.0,0.0,4,4,0.010626777611354974,0.010626777611354965,1.695963207307271e-06,direct,,,,,,,,,,,,,,,,4.185036000009859,diagnostics\2c_measurement_comparison\matched_8153_seeded_step005\warm\points\point_0025_p_m24p075dbm_fp_8p15306ghz\pump
warm,26,26,0,-24.07,8.1530612245,6.640186133876168e-06,ERROR,FAIL,ERROR,True,False,secant,stalled at Newton 4 (reduction ratio 0.867),,,,,,,4.089699000003748,4.17375109999557,0.007422399998176843,1.400010660290718e-06,4.103788600012194,0.062447400006931275,2.7405086999642663,0.0,0.0,4,4,0.0105235355395256,0.010523535539525697,1.7942713412635361e-06,direct,,,,,,,,,,,,,,,,4.173794500005897,diagnostics\2c_measurement_comparison\matched_8153_seeded_step005\warm\points\point_0026_p_m24p07dbm_fp_8p15306ghz\pump
warm,27,27,0,-24.064999999999998,8.1530612245,6.6440096326636465e-06,PASS,VALID_CONVERGED,VALID_SOLVED,True,False,secant,,,31.643459103047647,32.03763846315281,49.6170090561568,8.0530612245,6.1287145471645204e-12,11.305499800015241,11.393197900004452,0.008598599990364164,1.8999853637069464e-06,11.321123500005342,0.06342890000087209,8.249083599977894,0.0,0.0,13,13,6.898217985417069e-13,1.7002199515203707e-12,1.8952695994760073e-06,direct,,,,,0.8759070999803953,0.8759057999996003,0.1498247999988962,0.02206849999492988,0.0004972000024281442,0.20273720001569018,0.4329264999832958,0.0044129999878350645,0.004221799987135455,,,12.270294899994042,diagnostics\2c_measurement_comparison\matched_8153_seeded_step005\warm\points\point_0027_p_m24p065dbm_fp_8p15306ghz\pump
warm,28,28,0,-24.06,8.1530612245,6.647835333067562e-06,PASS,VALID_CONVERGED,VALID_SOLVED,True,False,secant,,,31.725955430984477,32.12013479108964,49.64459435759104,8.0530612245,7.1515877204996905e-12,4.4192038999754,4.4733188999816775,0.006406800006516278,1.700012944638729e-06,4.427579500013962,0.03930300002684817,3.2204645999881905,0.0,0.0,5,5,6.716158579825315e-13,1.6839631068293609e-12,1.8954041934481537e-06,direct,,,,,1.0515282999840565,1.0515277000085916,0.16880880002281629,0.025043200002983212,0.0005775000026915222,0.2603114000230562,0.5244669000094291,0.0049903000181075186,0.005746300012106076,,,5.525453700014623,diagnostics\2c_measurement_comparison\matched_8153_seeded_step005\warm\points\point_0028_p_m24p06dbm_fp_8p15306ghz\pump
warm,29,29,0,-24.055,8.1530612245,6.651663236355637e-06,PASS,VALID_CONVERGED,VALID_SOLVED,True,False,secant,,,31.603537253574935,31.997716613680097,49.461780014388054,8.0530612245,6.363538323783541e-12,1.7987541999900714,1.846817400015425,0.008342100016307086,1.100008375942707e-06,1.8048036999825854,0.033642099995631725,1.3379464999889024,0.0,0.0,2,2,4.247133708337769e-12,4.517271725284022e-12,1.8958789434783857e-06,direct,,,,,0.9567699999897741,0.9567691999836825,0.14049039999372326,0.02130089999991469,0.0008212999964598566,0.21345840001595207,0.5160608000005595,0.004785299999639392,0.0048565999895799905,,,2.8047289000242017,diagnostics\2c_measurement_comparison\matched_8153_seeded_step005\warm\points\point_0029_p_m24p055dbm_fp_8p15306ghz\pump
warm,30,30,0,-24.05,8.1530612245,6.6554933437963195e-06,PASS,VALID_CONVERGED,VALID_SOLVED,True,False,secant,,,31.299369377120154,31.69354873722532,49.09127605137485,8.0530612245,7.200432381181154e-12,1.6873893000010867,1.9535329999926034,0.006451299996115267,1.7999846022576094e-06,1.6956581000122242,0.2513751999940723,1.2239427999884356,0.0,0.0,2,2,6.648534379112504e-12,6.8256676236753565e-12,1.8958034668429274e-06,direct,,,,,0.80045959999552,0.800458499987144,0.11987809999845922,0.021755299996584654,0.0004904000088572502,0.1751751000119839,0.4247429000097327,0.005172600009245798,0.004622000007657334,,,2.7560966000019107,diagnostics\2c_measurement_comparison\matched_8153_seeded_step005\warm\points\point_0030_p_m24p05dbm_fp_8p15306ghz\pump
warm,31,31,0,-24.044999999999998,8.1530612245,6.659325656658793e-06,PASS,VALID_CONVERGED,VALID_SOLVED,True,False,secant,,,30.883973458835076,31.278152818940242,48.60334708890156,8.0530612245,6.454673369357592e-12,1.8880666999903042,1.9389327999961097,0.009435699990717694,1.7999846022576094e-06,1.8961622999922838,0.033298199996352196,1.3594454000121914,0.0,0.0,2,2,1.044154530811602e-11,1.0552061746181663e-11,1.895245019394708e-06,direct,,,,,0.98988880001707,0.9898880000109784,0.17768950000754558,0.022171500022523105,0.0005085000011604279,0.21260430000256747,0.5045312999864109,0.004540499998256564,0.005212999996729195,,,2.9346153999795206,diagnostics\2c_measurement_comparison\matched_8153_seeded_step005\warm\points\point_0031_p_m24p045dbm_fp_8p15306ghz\pump
warm,32,32,0,-24.04,8.1530612245,6.663160176212954e-06,PASS,VALID_CONVERGED,VALID_SOLVED,True,False,secant,,,30.441126617617655,30.83530597772282,48.08190999098217,8.0530612245,6.829944970206562e-12,1.6630918000009842,1.7153971000225283,0.005510999995749444,2.00001522898674e-06,1.6717676999978721,0.03807130001951009,1.2035279000119772,0.0,0.0,2,2,1.7068708072599532e-11,1.713672378100843e-11,1.8942152442067218e-06,direct,,,,,0.9582573999941815,0.9582569999911357,0.17070560000138357,0.022326899983454496,0.0005438000080175698,0.20699420000892133,0.4846249000111129,0.0065593000035732985,0.007066000020131469,,,2.6743671000003815,diagnostics\2c_measurement_comparison\matched_8153_seeded_step005\warm\points\point_0032_p_m24p04dbm_fp_8p15306ghz\pump
warm,33,33,0,-24.035,8.1530612245,6.666996903729448e-06,PASS,VALID_CONVERGED,VALID_SOLVED,True,False,secant,,,30.03613995579647,30.430319315901635,47.59301527444826,8.0530612245,6.642518741028441e-12,1.7742373000073712,1.85074560000794,0.007413799990899861,2.2999884095042944e-06,1.784876899997471,0.05840670000179671,1.3095429000095464,0.0,0.0,2,2,2.93199243972114e-11,2.9361145042161975e-11,1.8926490634703778e-06,direct,,,,,0.9600104999844916,0.9600100999814458,0.13681450000149198,0.027406000008340925,0.000548899988643825,0.23017980001168326,0.5019353999814484,0.003889499988872558,0.004270700010238215,,,2.8115587000211235,diagnostics\2c_measurement_comparison\matched_8153_seeded_step005\warm\points\point_0033_p_m24p035dbm_fp_8p15306ghz\pump
warm,34,34,0,-24.03,8.1530612245,6.670835840479652e-06,PASS,VALID_CONVERGED,VALID_SOLVED,True,False,secant,,,29.70444023598761,30.098619596092774,47.17348919378216,8.0530612245,6.232350261383705e-12,1.829209699993953,1.8849844000069425,0.009559900005115196,1.700012944638729e-06,1.8375292000127956,0.03785240001161583,1.3381617999984883,0.0,0.0,2,2,4.8937794182560785e-11,4.896183029952415e-11,1.8904083546921635e-06,direct,,,,,0.8591634999902453,0.859162800014019,0.13650640001287684,0.025286799995228648,0.0005017000075895339,0.17657739997957833,0.45476450002752244,0.0035736999998334795,0.003970200021285564,,,2.7447834000049625,diagnostics\2c_measurement_comparison\matched_8153_seeded_step005\warm\points\point_0034_p_m24p03dbm_fp_8p15306ghz\pump
warm,35,35,0,-24.025,8.1530612245,6.674676987735655e-06,PASS,VALID_CONVERGED,VALID_SOLVED,True,False,secant,,,29.45583102751852,29.85001038762368,46.83499949585861,8.0530612245,5.204740852692104e-12,1.7240325000020675,1.7698218000005,0.004957199998898432,2.200016751885414e-06,1.7310264999978244,0.033800600009271875,1.2579513999808114,0.0,0.0,2,2,7.04150166937615e-11,7.04321008781399e-11,1.8886147620313527e-06,direct,,,,,0.7594852999900468,0.7594844000122976,0.08987419999903068,0.019567999988794327,0.0005041999975219369,0.16877170000225306,0.4151844000152778,0.006930200004717335,0.0047864999796729535,,,2.5301077000040095,diagnostics\2c_measurement_comparison\matched_8153_seeded_step005\warm\points\point_0035_p_m24p025dbm_fp_8p15306ghz\pump
warm,36,36,0,-24.02,8.1530612245,6.678520346770303e-06,PASS,VALID_CONVERGED,VALID_SOLVED,True,False,secant,,,29.283866493473237,29.6780458535784,46.572985613969365,8.0530612245,6.17067650615461e-12,1.7626701000262983,1.9397616000205744,0.005373599997255951,1.200009137392044e-06,1.7705600999761373,0.16379820002475753,1.3241480000142474,0.0,0.0,2,2,8.144676803229565e-11,8.146104088057678e-11,1.8908128952025188e-06,direct,,,,,0.852590099995723,0.8525895999919157,0.13441620001685806,0.02469550000387244,0.0005440000095404685,0.19367949999286793,0.4339516000181902,0.005369499995140359,0.005032000015489757,,,2.793117399996845,diagnostics\2c_measurement_comparison\matched_8153_seeded_step005\warm\points\point_0036_p_m24p02dbm_fp_8p15306ghz\pump
warm,37,37,0,-24.015,8.1530612245,6.682365918857169e-06,PASS,VALID_CONVERGED,VALID_SOLVED,True,False,secant,,,29.174308537646926,29.568487897752092,46.37465885296181,8.0530612245,6.398658961438116e-12,1.7409449999977369,1.7940600999863818,0.008447100000921637,1.0999792721122503e-06,1.749701399996411,0.03587409999454394,1.3069617000001017,0.0,0.0,2,2,7.676327857158371e-11,7.677898836623068e-11,1.89185020190263e-06,direct,,,,,0.8916567999986,0.8916557999909855,0.10501170001225546,0.02515189998666756,0.0007781999884173274,0.20608370000263676,0.4772246000065934,0.0059523000090848655,0.005474899982800707,,,2.686450999986846,diagnostics\2c_measurement_comparison\matched_8153_seeded_step005\warm\points\point_0037_p_m24p015dbm_fp_8p15306ghz\pump
warm,38,38,0,-24.009999999999998,8.1530612245,6.686213705270541e-06,PASS,VALID_CONVERGED,VALID_SOLVED,True,False,secant,,,29.110777459767295,29.504956819872458,46.22438300589682,8.0530612245,6.689386824039502e-12,1.8788691000081599,1.986203700012993,0.005718600004911423,1.200009137392044e-06,1.8879273000056855,0.09252340000239201,1.387728599976981,0.0,0.0,2,2,6.359660000664607e-11,6.361514033935609e-11,1.8916016062594243e-06,direct,,,,,0.9720670999959111,0.9720658999867737,0.15855250001186505,0.022503699990920722,0.0005223000189289451,0.19929010001942515,0.5167809000122361,0.004896099999314174,0.0049143000214826316,,,2.9592184999783058,diagnostics\2c_measurement_comparison\matched_8153_seeded_step005\warm\points\point_0038_p_m24p01dbm_fp_8p15306ghz\pump
warm,39,39,0,-24.005,8.1530612245,6.690063707285463e-06,PASS,VALID_CONVERGED,VALID_SOLVED,True,False,secant,,,29.077456669791975,29.47163602989714,46.106341667392,8.0530612245,5.5627470857061104e-12,1.790808099991409,1.8573815999843646,0.00923789999797009,2.600019797682762e-06,1.7985291999939363,0.04957629999262281,1.3093427999992855,0.0,0.0,2,2,5.0968849883493887e-11,5.099192841435429e-11,1.89003667030544e-06,direct,,,,,0.8199071999988519,0.8199061999912374,0.10695059999125078,0.02418109998689033,0.0008526000019628555,0.19078299999819137,0.4239386999979615,0.004662399995140731,0.004685900028562173,,,2.678717999981018,diagnostics\2c_measurement_comparison\matched_8153_seeded_step005\warm\points\point_0039_p_m24p005dbm_fp_8p15306ghz\pump
warm,40,40,0,-24.0,8.1530612245,6.693915926177712e-06,PASS,VALID_CONVERGED,VALID_SOLVED,True,False,secant,,,29.05991560978148,29.454094969886647,46.00543868335976,8.0530612245,5.6716989151494865e-12,1.5597486000042409,1.605313300009584,0.005444399983389303,1.400010660290718e-06,1.5664644000062253,0.033373800019035116,1.1804277999617625,0.0,0.0,2,2,4.293181350193401e-11,4.2958888618629734e-11,1.8872078137274545e-06,direct,,,,,0.8099231999949552,0.8099225999903865,0.10992139999871142,0.020170000003417954,0.0004929999995511025,0.2009970999788493,0.4157245999958832,0.004283600021153688,0.00490999998874031,,,2.4157533000106923,diagnostics\2c_measurement_comparison\matched_8153_seeded_step005\warm\points\point_0040_p_m24dbm_fp_8p15306ghz\pump
warm,41,41,0,-23.995,8.1530612245,6.697770363223776e-06,PASS,VALID_CONVERGED,VALID_SOLVED,True,False,secant,,,29.044896663788204,29.43907602389337,45.90714499669203,8.0530612245,5.5469813438741114e-12,1.7212855000107083,1.77796710000257,0.004927400004817173,1.100008375942707e-06,1.7332161999947857,0.03978140000253916,1.251831299974583,0.0,0.0,2,2,4.076980882541015e-11,4.079781154883596e-11,1.8832313640583566e-06,direct,,,,,0.8997131999931298,0.8997122999862768,0.13970749999862164,0.025020599976414815,0.0008725000079721212,0.21119160001398996,0.4419694999814965,0.005710900004487485,0.006140499986940995,,,2.678358000004664,diagnostics\2c_measurement_comparison\matched_8153_seeded_step005\warm\points\point_0041_p_m23p995dbm_fp_8p15306ghz\pump
warm,42,42,0,-23.99,8.1530612245,6.701627019700904e-06,PASS,VALID_CONVERGED,VALID_SOLVED,True,False,secant,,,29.019701694768116,29.41388105487328,45.79684754833518,8.0530612245,5.879398148278549e-12,1.5696737999969628,1.6165464000077918,0.008449399989331141,1.100008375942707e-06,1.5764518000069074,0.0316132000007201,1.134245599998394,0.0,0.0,2,2,4.739836869869493e-11,4.742377696217847e-11,1.8782739979140975e-06,direct,,,,,0.8712376000185031,0.8712361000070814,0.08742820000043139,0.021159900003112853,0.0005095000087749213,0.2034618999750819,0.500577600003453,0.005114600004162639,0.006223100004717708,,,2.488699000008637,diagnostics\2c_measurement_comparison\matched_8153_seeded_step005\warm\points\point_0042_p_m23p99dbm_fp_8p15306ghz\pump
warm,43,43,0,-23.985,8.1530612245,6.705485896887078e-06,PASS,VALID_CONVERGED,VALID_SOLVED,True,False,secant,,,28.97157294281233,29.365752302917496,45.658978326023245,8.0530612245,5.849564408780622e-12,1.8249520999961533,1.88132190000033,0.005704100010916591,1.5999830793589354e-06,1.8343625999987125,0.04121780002606101,1.3379716999770608,0.0,0.0,2,2,7.498103349533416e-11,7.499709521606041e-11,1.8725513915924754e-06,direct,,,,,0.9671635000267997,0.9671621000161394,0.1282915000047069,0.027051699988078326,0.0005098000110592693,0.22718149999855086,0.5066440000082366,0.005263500002911314,0.005188800016185269,,,2.849661400017794,diagnostics\2c_measurement_comparison\matched_8153_seeded_step005\warm\points\point_0043_p_m23p985dbm_fp_8p15306ghz\pump
warm,44,44,0,-23.98,8.1530612245,6.709346996060993e-06,PASS,VALID_CONVERGED,VALID_SOLVED,True,False,secant,,,28.88721485002064,29.281394210125807,45.4759106211948,8.0530612245,5.452518722916174e-12,1.570075999974506,1.6340291000087745,0.008830000006128103,1.7999846022576094e-06,1.5806257000076585,0.04452779999701306,1.1446930000383873,0.0,0.0,2,2,1.7841163142355946e-10,1.784184644618127e-10,1.8663465657614261e-06,direct,,,,,0.9434401000034995,0.9434388999943621,0.15036199998576194,0.020633100008126348,0.0004922999942209572,0.20080989997950383,0.4993634000129532,0.005780299979960546,0.004927299974951893,,,2.5783102000132203,diagnostics\2c_measurement_comparison\matched_8153_seeded_step005\warm\points\point_0044_p_m23p98dbm_fp_8p15306ghz\pump
warm,45,45,0,-23.974999999999998,8.1530612245,6.713210318502106e-06,PASS,VALID_CONVERGED,VALID_SOLVED,True,False,secant,,,28.752416828078246,29.14659618818341,45.22595577645548,8.0530612245,5.862578195488547e-12,1.7761796999839135,1.847195299982559,0.0076997999858576804,2.0999868866056204e-06,1.7843741999822669,0.05507450000732206,1.309990999987349,0.0,0.0,2,2,7.091450857835279e-10,7.091467381181936e-10,1.8600858078818814e-06,direct,,,,,0.9141435000055935,0.9141428000002634,0.128632000007201,0.023811999999452382,0.0006513999833259732,0.21896729999571107,0.48068339997553267,0.005006000021239743,0.006069900002330542,,,2.7621647999912966,diagnostics\2c_measurement_comparison\matched_8153_seeded_step005\warm\points\point_0045_p_m23p975dbm_fp_8p15306ghz\pump
warm,46,46,0,-23.97,8.1530612245,6.717075865490605e-06,PASS,VALID_CONVERGED,VALID_SOLVED,True,False,secant,,,28.55107859369438,28.945257953799548,44.87734273910553,8.0530612245,4.808064340387636e-12,2.7057419999910053,2.889734500000486,0.007188599993241951,1.8999853637069464e-06,2.717655399988871,0.16483769999467768,2.0343213000160176,0.0,0.0,3,3,6.804868704753984e-13,1.6661045724946797e-12,1.854452876244489e-06,direct,,,,,0.8927204000065103,0.8927197000011802,0.14468339999439195,0.024379500013310462,0.0008078999817371368,0.22296079999068752,0.42852670000866055,0.006293000013101846,0.006302900001173839,,,3.7831923000048846,diagnostics\2c_measurement_comparison\matched_8153_seeded_step005\warm\points\point_0046_p_m23p97dbm_fp_8p15306ghz\pump
warm,47,47,0,-23.965,8.1530612245,6.720943638307399e-06,PASS,VALID_CONVERGED,VALID_SOLVED,True,False,secant,,,28.259436995515514,28.653616355620677,44.35694874614738,8.0530612245,5.135976572311402e-12,2.7323051000130363,2.779455699987011,0.009074300003703684,2.600019797682762e-06,2.7393032999825664,0.03103089999058284,2.0565278000431135,0.0,0.0,3,3,2.3013513621204984e-11,2.306400828401693e-11,1.851519269266536e-06,direct,,,,,0.8253255000163335,0.8253247000102419,0.12551010001334362,0.021053900010883808,0.0005509000038728118,0.17602549999719486,0.4433269999863114,0.00555010000243783,0.005866299994522706,,,3.607010200008517,diagnostics\2c_measurement_comparison\matched_8153_seeded_step005\warm\points\point_0047_p_m23p965dbm_fp_8p15306ghz\pump
warm,48,48,0,-23.96,8.1530612245,6.724813638234153e-06,ERROR,FAIL,ERROR,True,False,secant,stalled at Newton 5 (reduction ratio 1.000),,,,,,,5.111005399987334,5.165144800004782,0.009109600010560825,1.3999815564602613e-06,5.120068599993829,0.03592259998549707,2.912886200065259,0.0,0.0,5,5,0.00020771446590958227,0.00020771446590960155,1.8682835836629924e-06,direct,,,,,,,,,,,,,,,,5.165190100000473,diagnostics\2c_measurement_comparison\matched_8153_seeded_step005\warm\points\point_0048_p_m23p96dbm_fp_8p15306ghz\pump
warm,49,49,0,-23.955,8.1530612245,6.728685866553271e-06,ERROR,FAIL,ERROR,True,False,secant,stalled at Newton 5 (reduction ratio 0.960),,,,,,,5.251531099987915,5.30344150000019,0.005179800005862489,1.600012183189392e-06,5.262510600005044,0.035711899981833994,3.4471820000035223,0.0,0.0,5,5,0.0005950911638418358,0.0005950911638417885,1.909437606079321e-06,direct,,,,,,,,,,,,,,,,5.303476800007047,diagnostics\2c_measurement_comparison\matched_8153_seeded_step005\warm\points\point_0049_p_m23p955dbm_fp_8p15306ghz\pump
warm,50,50,0,-23.95,8.1530612245,6.732560324547873e-06,ERROR,FAIL,ERROR,True,False,secant,stalled at Newton 5 (reduction ratio 0.998),,,,,,,5.714280200016219,5.762727199995425,0.008300900022732094,1.500011421740055e-06,5.722030599979917,0.032361899997340515,3.2503263999533374,0.0,0.0,5,5,0.00046079435462308165,0.00046079435462317115,1.8880419686118294e-06,direct,,,,,,,,,,,,,,,,5.762754199997289,diagnostics\2c_measurement_comparison\matched_8153_seeded_step005\warm\points\point_0050_p_m23p95dbm_fp_8p15306ghz\pump
warm,51,51,0,-23.945,8.1530612245,6.736437013501841e-06,ERROR,FAIL,ERROR,True,False,secant,stalled at Newton 5 (reduction ratio 0.980),,,,,,,4.850259800005006,4.899810000002617,0.00997120002284646,1.200009137392044e-06,4.85785540001234,0.031954500009305775,3.1792701999365818,0.0,0.0,5,5,0.0004733910859012953,0.0004733910859013063,1.8987317979661001e-06,direct,,,,,,,,,,,,,,,,4.899831499991706,diagnostics\2c_measurement_comparison\matched_8153_seeded_step005\warm\points\point_0051_p_m23p945dbm_fp_8p15306ghz\pump
warm,52,52,0,-23.94,8.1530612245,6.740315934699788e-06,ERROR,FAIL,ERROR,True,False,secant,stalled at Newton 5 (reduction ratio 0.957),,,,,,,4.5561983000079636,4.646831699996255,0.007147999975131825,1.200009137392044e-06,4.564733100007288,0.07491250001476146,3.114976499986369,0.0,0.0,5,5,0.0005588359049390495,0.0005588359049391567,1.9059911521733096e-06,direct,,,,,,,,,,,,,,,,4.64687959998264,diagnostics\2c_measurement_comparison\matched_8153_seeded_step005\warm\points\point_0052_p_m23p94dbm_fp_8p15306ghz\pump
warm,53,53,0,-23.935,8.1530612245,6.744197089427073e-06,ERROR,FAIL,ERROR,True,False,secant,stalled at Newton 6 (reduction ratio 0.944),,,,,,,5.5447874999954365,5.621277500002179,0.01009560000966303,1.500011421740055e-06,5.556432699988363,0.05470340000465512,3.690101800020784,0.0,0.0,6,6,0.0006148131710109625,0.0006148131710111386,1.9125812885526416e-06,direct,,,,,,,,,,,,,,,,5.621312000002945,diagnostics\2c_measurement_comparison\matched_8153_seeded_step005\warm\points\point_0053_p_m23p935dbm_fp_8p15306ghz\pump
warm,54,54,0,-23.93,8.1530612245,6.748080478969776e-06,ERROR,FAIL,ERROR,True,False,secant,stalled at Newton 6 (reduction ratio 0.979),,,,,,,6.119736699998612,6.178416499984451,0.010353099991334602,1.5999830793589354e-06,6.130269299988868,0.0377528999815695,4.213274200010346,0.0,0.0,6,6,0.001124234105778982,0.0011242341057790023,1.9240068319474593e-06,direct,,,,,,,,,,,,,,,,6.178450100007467,diagnostics\2c_measurement_comparison\matched_8153_seeded_step005\warm\points\point_0054_p_m23p93dbm_fp_8p15306ghz\pump
warm,55,55,0,-23.925,8.1530612245,6.7519661046147365e-06,ERROR,FAIL,ERROR,True,False,secant,stalled at Newton 6 (reduction ratio 0.946),,,,,,,5.833479100023396,5.89836859999923,0.00839030000497587,1.200009137392044e-06,5.840655000007246,0.04929409999749623,4.049793200014392,0.0,0.0,6,6,0.0010301730759231166,0.0010301730759232344,1.9212191042213227e-06,direct,,,,,,,,,,,,,,,,5.898400200007018,diagnostics\2c_measurement_comparison\matched_8153_seeded_step005\warm\points\point_0055_p_m23p925dbm_fp_8p15306ghz\pump
warm,56,56,0,-23.919999999999998,8.1530612245,6.755853967649537e-06,ERROR,FAIL,ERROR,True,False,secant,stalled at Newton 6 (reduction ratio 0.923),,,,,,,5.231587899994338,5.288968900014879,0.00852070000837557,1.5999830793589354e-06,5.243749499990372,0.03665940000792034,3.6508776000409853,0.0,0.0,6,6,0.0010017825017663471,0.0010017825017662513,1.9250765629896554e-06,direct,,,,,,,,,,,,,,,,5.2889985000074375,diagnostics\2c_measurement_comparison\matched_8153_seeded_step005\warm\points\point_0056_p_m23p92dbm_fp_8p15306ghz\pump
warm,57,57,0,-23.915,8.1530612245,6.759744069362479e-06,ERROR,FAIL,ERROR,True,False,secant,stalled at Newton 6 (reduction ratio 0.887),,,,,,,5.758318100008182,6.241540299990447,0.009071300009964034,1.800013706088066e-06,5.76559759999509,0.4668342000222765,4.042654700024286,0.0,0.0,6,6,0.0009235802648635842,0.0009235802648635013,1.9149812988095636e-06,direct,,,,,,,,,,,,,,,,6.241586399992229,diagnostics\2c_measurement_comparison\matched_8153_seeded_step005\warm\points\point_0057_p_m23p915dbm_fp_8p15306ghz\pump
warm,58,58,0,-23.91,8.1530612245,6.763636411042627e-06,PASS,VALID_CONVERGED,VALID_SOLVED,True,False,secant,,,36.27339903364667,36.66757839375183,50.20399266816243,8.0530612245,1.1508075563189479e-11,7.545370299980277,7.59801270000753,0.009601400000974536,2.500019036233425e-06,7.552920500020264,0.03544840001268312,5.3948072000348475,0.0,0.0,9,9,6.620548589056741e-13,1.672541418309464e-12,1.901240293936349e-06,direct,,,,,0.9796421999926679,0.9796409000118729,0.16567940000095405,0.026123299991013482,0.0005244000058155507,0.23176279998733662,0.48067200000514276,0.004881300003034994,0.005472099990583956,,,8.578659999999218,diagnostics\2c_measurement_comparison\matched_8153_seeded_step005\warm\points\point_0058_p_m23p91dbm_fp_8p15306ghz\pump
warm,59,59,0,-23.905,8.1530612245,6.767530993979781e-06,PASS,VALID_CONVERGED,VALID_SOLVED,True,False,secant,,,36.52966051071131,36.92383987081647,50.433194782300205,8.0530612245,1.1408791661593928e-11,3.6591253000078723,3.7128258000011556,0.008000100002391264,1.700012944638729e-06,3.670221300009871,0.03456139998161234,2.716718800016679,0.0,0.0,4,4,6.615058814219666e-13,1.6786275368447406e-12,1.893751664668199e-06,direct,,,,,0.8939391000021715,0.8939383999968413,0.12075579998781905,0.02493260000483133,0.0005534999945666641,0.20926630002213642,0.4766354000021238,0.003933500003768131,0.0041173999779857695,,,4.607803499995498,diagnostics\2c_measurement_comparison\matched_8153_seeded_step005\warm\points\point_0059_p_m23p905dbm_fp_8p15306ghz\pump
warm,60,60,0,-23.9,8.1530612245,6.77142781946449e-06,PASS,VALID_CONVERGED,VALID_SOLVED,True,False,secant,,,36.77568139237084,37.169860752476005,50.638724657737825,8.0530612245,1.1519584517682786e-11,1.6640524999820627,1.7180628999776673,0.009713899984490126,2.3999891709536314e-06,1.672659299976658,0.03564910002751276,1.1909122000215575,0.0,0.0,2,2,9.707994402229242e-11,9.709181402426432e-11,1.8903994820882796e-06,direct,,,,,0.8091788000019733,0.809178299998166,0.11863240000093356,0.021669499983545393,0.0006300999957602471,0.1711862999945879,0.43818619998637587,0.005410299985669553,0.004276199993910268,,,2.5286557000072207,diagnostics\2c_measurement_comparison\matched_8153_seeded_step005\warm\points\point_0060_p_m23p9dbm_fp_8p15306ghz\pump
warm,61,61,0,-23.895,8.1530612245,6.775326888788028e-06,PASS,VALID_CONVERGED,VALID_SOLVED,True,False,secant,,,37.02599489543673,37.420174255541895,50.83199442009559,8.0530612245,1.3293699930827723e-11,1.5578161000157706,1.6003604999859817,0.004324599984101951,1.500011421740055e-06,1.563956399972085,0.03204859999823384,1.1325497000070754,0.0,0.0,2,2,1.1434810285737265e-10,1.1435838364100428e-10,1.8857988054475716e-06,direct,,,,,0.8497295000124723,0.8497285000048578,0.13249859999632463,0.02030100001138635,0.0004923000233247876,0.22755080001661554,0.4070255999977235,0.005560699995839968,0.0052404000016395,,,2.453230499988422,diagnostics\2c_measurement_comparison\matched_8153_seeded_step005\warm\points\point_0061_p_m23p895dbm_fp_8p15306ghz\pump
warm,62,62,0,-23.89,8.1530612245,6.7792282032424295e-06,PASS,VALID_CONVERGED,VALID_SOLVED,True,False,secant,,,37.29939284220016,37.693572202305326,51.02850476416436,8.0530612245,1.135111657731926e-11,1.705775900016306,1.7685200000123587,0.008992300019599497,1.100008375942707e-06,1.7132785000139847,0.046216399990953505,1.220159299991792,0.0,0.0,2,2,1.535711145753109e-10,1.5357861789997067e-10,1.8788001714041465e-06,direct,,,,,0.9138787999982014,0.9138778000196908,0.1195263999979943,0.02188340001157485,0.0005450999888125807,0.20741909998469055,0.5008062999986578,0.0038123000122141093,0.00399300002027303,,,2.683279999997467,diagnostics\2c_measurement_comparison\matched_8153_seeded_step005\warm\points\point_0062_p_m23p89dbm_fp_8p15306ghz\pump
warm,63,63,0,-23.884999999999998,8.1530612245,6.783131764120474e-06,PASS,VALID_CONVERGED,VALID_SOLVED,True,False,secant,,,37.62095550084438,38.01513486094955,51.249992302244294,8.0530612245,1.4329427595605788e-11,1.6460154000087641,1.6884857000259217,0.0054339000198524445,2.100015990436077e-06,1.652228799997829,0.030786700022872537,1.20466319998377,0.0,0.0,2,2,2.439691097410977e-10,2.4397376281312477e-10,1.8710634633869436e-06,direct,,,,,0.8072561000008136,0.8072554000245873,0.12939210000331514,0.021597599989036098,0.000534099992364645,0.19655420002527535,0.40377899998566136,0.00493520000600256,0.004157999996095896,,,2.4963094999839086,diagnostics\2c_measurement_comparison\matched_8153_seeded_step005\warm\points\point_0063_p_m23p885dbm_fp_8p15306ghz\pump
warm,64,64,0,-23.88,8.1530612245,6.787037572715667e-06,PASS,VALID_CONVERGED,VALID_SOLVED,True,False,secant,,,38.02569342532069,38.41987278542585,51.5284864400051,8.0530612245,1.3662311353107114e-11,1.5575689999968745,1.625105600018287,0.005123600014485419,1.500011421740055e-06,1.5649761999957263,0.05497680002008565,1.1610283999762032,0.0,0.0,2,2,4.71101561790213e-10,4.71103842936291e-10,1.8719133564287316e-06,direct,,,,,1.0600983000185806,1.0600970000086818,0.15488040001946501,0.023317800019867718,0.0005151999939698726,0.24417900000116788,0.5788652000192087,0.004429199994774535,0.003993099991930649,,,2.686751400004141,diagnostics\2c_measurement_comparison\matched_8153_seeded_step005\warm\points\point_0064_p_m23p88dbm_fp_8p15306ghz\pump
warm,65,65,0,-23.875,8.1530612245,6.790945630322278e-06,PASS,VALID_CONVERGED,VALID_SOLVED,True,False,secant,,,38.562593463023596,38.95677282312876,51.91131134536878,8.0530612245,1.4011615260038862e-11,2.783393800025806,2.850954299996374,0.008027700008824468,2.500019036233425e-06,2.793441800022265,0.04942909997771494,2.0108455999870785,0.0,0.0,3,3,6.6623588394776e-13,1.6716359803549106e-12,1.8773149338152227e-06,direct,,,,,1.0101092999975663,1.010108400019817,0.13981079999939539,0.02397519999067299,0.0005572999943979084,0.2043538999860175,0.5754087000095751,0.003756899997824803,0.003882399993017316,,,3.8622840000025462,diagnostics\2c_measurement_comparison\matched_8153_seeded_step005\warm\points\point_0065_p_m23p875dbm_fp_8p15306ghz\pump
warm,66,66,0,-23.87,8.1530612245,6.79485593823532e-06,PASS,VALID_CONVERGED,VALID_SOLVED,True,False,secant,,,39.295935471144624,39.69011483124979,52.46399137616075,8.0530612245,1.6541868628670272e-11,3.261596299998928,3.385138800018467,0.007512700016377494,1.9000144675374031e-06,3.277465699997265,0.10010619999957271,2.222365199995693,0.0,0.0,3,3,6.646483771253811e-13,1.6716231824211905e-12,1.882796568957269e-06,direct,,,,,1.0169171000015922,1.0169141000078525,0.20828819999587722,0.026276899996446446,0.0005261999904178083,0.22871939998003654,0.46695179998641834,0.005131099984282628,0.005720200017094612,,,4.403463900001952,diagnostics\2c_measurement_comparison\matched_8153_seeded_step005\warm\points\point_0066_p_m23p87dbm_fp_8p15306ghz\pump
warm,67,67,0,-23.865,8.1530612245,6.798768497750534e-06,PASS,VALID_CONVERGED,VALID_SOLVED,True,False,secant,,,40.29727438974585,40.691453749851014,53.26383404048265,8.0530612245,2.0467283119538872e-11,2.704908899992006,2.750929500005441,0.007705399999395013,2.200016751885414e-06,2.7118679999839514,0.031321899994509295,2.016874099994311,0.0,0.0,3,3,6.600815966477519e-13,1.6648517098538895e-12,1.8878131962013945e-06,direct,,,,,1.178090000001248,1.1780892999959178,0.1183722999994643,0.021199700015131384,0.000687299994751811,0.22547380000469275,0.4933883000048809,0.005570400011492893,0.006591300014406443,,,3.929655499989167,diagnostics\2c_measurement_comparison\matched_8153_seeded_step005\warm\points\point_0067_p_m23p865dbm_fp_8p15306ghz\pump
warm,68,68,0,-23.86,8.1530612245,6.802683310164426e-06,PASS,VALID_CONVERGED,VALID_SOLVED,True,False,secant,,,41.62068490522981,42.01486426533498,54.375190983288356,8.0530612245,2.2148890577604384e-11,2.793613000016194,2.8489735000184737,0.006147300009615719,1.6999838408082724e-06,2.8037963999959175,0.03898740001022816,2.065619599976344,0.0,0.0,3,3,6.678345108781717e-13,1.6703455684649485e-12,1.8916462237649545e-06,direct,,,,,0.8312808999908157,0.8312804999877699,0.115893700014567,0.027389700000640005,0.000804100011009723,0.18148059997474775,0.4396169999963604,0.005040999996708706,0.0040111000125762075,,,3.6809356000158004,diagnostics\2c_measurement_comparison\matched_8153_seeded_step005\warm\points\point_0068_p_m23p86dbm_fp_8p15306ghz\pump
warm,69,69,0,-23.855,8.1530612245,6.806600376774249e-06,PASS,VALID_CONVERGED,VALID_SOLVED,True,False,secant,,,43.270321201787795,43.664500561892964,55.81440756581059,8.0530612245,3.37431417727548e-11,2.5168138000008184,2.5657238999847323,0.008436000003712252,1.400010660290718e-06,2.5247314000152983,0.032523199974093586,1.8219611000386067,0.0,0.0,3,3,6.59228468369671e-13,1.6439293970010558e-12,1.8936069707106903e-06,direct,,,,,0.7958502000255976,0.7958498000225518,0.12272919999668375,0.02286389999790117,0.0007763000030536205,0.19273239999893121,0.4005050999985542,0.004120600002352148,0.005273999995552003,,,3.3625235999934375,diagnostics\2c_measurement_comparison\matched_8153_seeded_step005\warm\points\point_0069_p_m23p855dbm_fp_8p15306ghz\pump
warm,70,70,0,-23.85,8.1530612245,6.810519698877981e-06,PASS,VALID_CONVERGED,VALID_SOLVED,True,False,secant,,,45.20694388077079,45.60112324087595,57.55265498569987,8.0530612245,3.1586220075358015e-11,2.2967041000083555,2.345942699990701,0.005971899983705953,2.9999937396496534e-06,2.306156800012104,0.03375070000765845,1.7403040000062902,0.0,0.0,3,3,6.515233300384696e-13,1.6611581829915461e-12,1.8932342724871834e-06,direct,,,,,0.8540555000072345,0.8540540999965742,0.11430390001623891,0.022631100000580773,0.0005710000114049762,0.18081900000106543,0.4619959999981802,0.005139999993843958,0.00489380001090467,,,3.200435699982336,diagnostics\2c_measurement_comparison\matched_8153_seeded_step005\warm\points\point_0070_p_m23p85dbm_fp_8p15306ghz\pump
warm,71,71,0,-23.845,8.1530612245,6.814441277774372e-06,PASS,VALID_CONVERGED,VALID_SOLVED,True,False,secant,,,47.44191107951228,47.83609043961745,59.607717521128095,8.0530612245,5.911786055869794e-11,2.910744100023294,2.968268299999181,0.008725000021513551,2.100015990436077e-06,2.9219591000000946,0.03753489998052828,2.035883999982616,0.0,0.0,3,3,7.023802537324659e-13,1.7011635608841078e-12,1.8903677560877205e-06,direct,,,,,0.8929113000049256,0.8929107000003569,0.14021409998531453,0.021965099993394688,0.0005264999927021563,0.21653810000861995,0.4548648999771103,0.0050005000084638596,0.005172499979380518,,,3.8621340000245254,diagnostics\2c_measurement_comparison\matched_8153_seeded_step005\warm\points\point_0071_p_m23p845dbm_fp_8p15306ghz\pump
warm,72,72,0,-23.84,8.1530612245,6.818365114762914e-06,PASS,VALID_CONVERGED,VALID_SOLVED,True,False,secant,,,50.10906221266474,50.5032415727699,62.11577755604008,8.0530612245,6.677781808410391e-11,2.7269851000164635,2.775336899998365,0.007351600012043491,1.5999830793589354e-06,2.7329565999971237,0.034992000000784174,2.067062199988868,0.0,0.0,3,3,6.496401500197604e-13,1.6555710926747605e-12,1.8851102784820824e-06,direct,,,,,0.9026873999973759,0.9026868999935687,0.10344619999523275,0.02247900000656955,0.0005206000059843063,0.21698599998489954,0.49591050000162795,0.0043790000199805945,0.005105799995362759,,,3.679019100003643,diagnostics\2c_measurement_comparison\matched_8153_seeded_step005\warm\points\point_0072_p_m23p84dbm_fp_8p15306ghz\pump
warm,73,73,0,-23.835,8.1530612245,6.822291211143833e-06,PASS,VALID_CONVERGED,VALID_SOLVED,True,False,secant,,,52.85894420578211,53.25312356588728,64.72659301809587,8.0530612245,7.72642531706639e-11,2.5653966999961995,2.6156383999914397,0.006283599999733269,1.500011421740055e-06,2.5723674000182655,0.03695259999949485,1.9362054000084754,0.0,0.0,3,3,6.707290174841432e-13,1.6362648784113683e-12,1.883679615795406e-06,direct,,,,,0.8582813999964856,0.8582806999911554,0.1267476000066381,0.02846290002344176,0.0007897000177763402,0.2080673000018578,0.4339367999928072,0.004021800006739795,0.004136100003961474,,,3.475120799994329,diagnostics\2c_measurement_comparison\matched_8153_seeded_step005\warm\points\point_0073_p_m23p835dbm_fp_8p15306ghz\pump
warm,74,74,0,-23.83,8.1530612245,6.826219568218118e-06,PASS,VALID_CONVERGED,VALID_SOLVED,True,False,secant,,,52.63658516617803,53.03076452628319,64.38229620340942,8.0530612245,9.556663183295122e-11,2.3823353000043426,2.438196600007359,0.007573799986857921,1.600012183189392e-06,2.39164289998007,0.03894240001682192,1.7736076999863144,0.0,0.0,3,3,6.79616272178124e-13,1.6844517092190957e-12,1.8802139763109082e-06,direct,,,,,0.9198060999915469,0.9198047999816481,0.1553245999966748,0.019807100004982203,0.0004828000091947615,0.2329940999916289,0.44329490000382066,0.0041658999980427325,0.0034850999945774674,,,3.358932300005108,diagnostics\2c_measurement_comparison\matched_8153_seeded_step005\warm\points\point_0074_p_m23p83dbm_fp_8p15306ghz\pump
warm,75,75,0,-23.825,8.1530612245,6.830150187287514e-06,PASS,VALID_CONVERGED,VALID_SOLVED,True,False,secant,,,49.09537083554639,49.48955019565155,60.7320234005344,8.0530612245,6.346650160795397e-11,2.4029878999863286,2.4767892000090797,0.006931600015377626,1.2999807950109243e-06,2.412509100016905,0.05730849999235943,1.8197268000221811,0.0,0.0,3,3,6.599645803093247e-13,1.6496937938367687e-12,1.8748595045770798e-06,direct,,,,,0.93818320002174,0.9381821000133641,0.09493319998728111,0.02068450002116151,0.00047300002188421786,0.2371428000042215,0.49731509998673573,0.0050601999973878264,0.007535199983976781,,,3.415687500004424,diagnostics\2c_measurement_comparison\matched_8153_seeded_step005\warm\points\point_0075_p_m23p825dbm_fp_8p15306ghz\pump
warm,76,76,0,-23.82,8.1530612245,6.834083069654487e-06,PASS,VALID_CONVERGED,VALID_SOLVED,True,False,secant,,,45.66384004121665,46.058019401321815,57.19921397070977,8.0530612245,4.7046825802117076e-11,2.6992131999868434,2.753775899996981,0.010500299977138638,1.700012944638729e-06,2.707710499991663,0.03552189999027178,1.9948132999707013,0.0,0.0,3,3,6.539170900858321e-13,1.6274307041245235e-12,1.8680666561184774e-06,direct,,,,,1.032673799985787,1.0326720000011846,0.12683630001265556,0.023302299989154562,0.0009873000090010464,0.21979870001086965,0.5934293000027537,0.004347699985373765,0.004930600000079721,,,3.787366899981862,diagnostics\2c_measurement_comparison\matched_8153_seeded_step005\warm\points\point_0076_p_m23p82dbm_fp_8p15306ghz\pump
warm,77,77,0,-23.815,8.1530612245,6.838018216622281e-06,PASS,VALID_CONVERGED,VALID_SOLVED,True,False,secant,,,42.9781007806841,43.37228014078927,54.41436338379131,8.0530612245,2.7511707821921105e-11,2.629715200018836,2.7187026999890804,0.005888100014999509,1.5999830793589354e-06,2.6420748000091407,0.07069439999759197,1.9329658999922685,0.0,0.0,3,3,6.638973661257534e-13,1.6542796706213347e-12,1.8603545336688987e-06,direct,,,,,0.9607593000109773,0.9607583000033628,0.16109390000929125,0.02377549998345785,0.0005303000216372311,0.228704299981473,0.4749489000241738,0.0043747000163421035,0.003963399998610839,,,3.684892999997828,diagnostics\2c_measurement_comparison\matched_8153_seeded_step005\warm\points\point_0077_p_m23p815dbm_fp_8p15306ghz\pump
warm,78,78,0,-23.81,8.1530612245,6.841955629494885e-06,PASS,VALID_CONVERGED,VALID_SOLVED,True,False,secant,,,40.884790055676525,41.27896941578169,52.21820138560663,8.0530612245,2.4015293744467645e-11,2.6391087000083644,2.6974760000011884,0.006339199986541644,1.800013706088066e-06,2.6483358000114094,0.04274889998487197,1.971352199994726,0.0,0.0,3,3,6.691321292685237e-13,1.6448162595863275e-12,1.8522723169574714e-06,direct,,,,,0.961445900000399,0.9614443999889772,0.1539725000038743,0.020519899990176782,0.0004939000064041466,0.21772689998033457,0.49458339999546297,0.005075400025816634,0.007400999980745837,,,3.6597502999939024,diagnostics\2c_measurement_comparison\matched_8153_seeded_step005\warm\points\point_0078_p_m23p81dbm_fp_8p15306ghz\pump
warm,79,79,0,-23.805,8.1530612245,6.845895309577021e-06,PASS,VALID_CONVERGED,VALID_SOLVED,True,False,secant,,,39.2191784089719,39.61335776907706,50.439926996168566,8.0530612245,1.700712948164709e-11,2.548814699985087,2.6073021999909543,0.009320199984358624,2.6999914553016424e-06,2.558631099993363,0.03929379998589866,1.85662449998199,0.0,0.0,3,3,6.71553193896245e-13,1.6394016182523315e-12,1.8460592120467438e-06,direct,,,,,0.8733282000175677,0.873327600012999,0.15402630000608042,0.025418700010050088,0.0004935999750159681,0.18964699999196455,0.4378744999994524,0.0046857999986968935,0.006008299998939037,,,3.481281099986518,diagnostics\2c_measurement_comparison\matched_8153_seeded_step005\warm\points\point_0079_p_m23p805dbm_fp_8p15306ghz\pump
warm,80,80,0,-23.8,8.1530612245,6.8498372581741825e-06,PASS,VALID_CONVERGED,VALID_SOLVED,True,False,secant,,,37.86885040531275,38.26302976541791,48.96097137359508,8.0530612245,1.925328063094162e-11,2.3971861000172794,2.446545899991179,0.008499299990944564,1.500011421740055e-06,2.4037651999969967,0.03424719997565262,1.737806500022998,0.0,0.0,3,3,6.879117807345863e-13,1.6269780675082931e-12,1.8430283039061847e-06,direct,,,,,0.8378695000137668,0.8378686000069138,0.1033189999870956,0.020332999993115664,0.0004807999939657748,0.2052255000162404,0.44402009999612346,0.00431579997530207,0.007252099981997162,,,3.2871688999875914,diagnostics\2c_measurement_comparison\matched_8153_seeded_step005\warm\points\point_0080_p_m23p8dbm_fp_8p15306ghz\pump
warm,81,81,0,-23.794999999999998,8.1530612245,6.853781476592615e-06,PASS,VALID_CONVERGED,VALID_SOLVED,True,False,secant,,,36.76648181204911,37.16066117215427,47.70789537173104,8.0530612245,1.4413535351414119e-11,2.59486530002323,2.6478244999889284,0.008330399985425174,1.100008375942707e-06,2.602381799981231,0.03707539997412823,1.9215362999821082,0.0,0.0,3,3,6.549827051285837e-13,1.648843440611338e-12,1.8406713128905458e-06,direct,,,,,0.8498430000036024,0.8498422999982722,0.1559187000093516,0.020519800018519163,0.0004799999878741801,0.1764559999865014,0.4299657999945339,0.005240800004685298,0.004736799979582429,,,3.499177799996687,diagnostics\2c_measurement_comparison\matched_8153_seeded_step005\warm\points\point_0081_p_m23p795dbm_fp_8p15306ghz\pump
warm,82,82,0,-23.79,8.1530612245,6.857727966139294e-06,PASS,VALID_CONVERGED,VALID_SOLVED,True,False,secant,,,35.887083488821126,36.28126284892629,46.649986304408046,8.0530612245,1.3004501953060101e-11,2.7176396000140812,2.8019040999934077,0.005445299990242347,1.100008375942707e-06,2.7274654999782797,0.06895399998757057,2.0002523999719415,0.0,0.0,3,3,6.684256855790211e-13,1.672033041826133e-12,1.8394664559737017e-06,direct,,,,,1.0019981000223197,1.0019970000139438,0.18604339999728836,0.023832399980165064,0.000506900018081069,0.2180091999762226,0.49743069999385625,0.006830900005297735,0.004167300008703023,,,3.804632400016999,diagnostics\2c_measurement_comparison\matched_8153_seeded_step005\warm\points\point_0082_p_m23p79dbm_fp_8p15306ghz\pump
warm,83,83,0,-23.785,8.1530612245,6.86167672812197e-06,PASS,VALID_CONVERGED,VALID_SOLVED,True,False,secant,,,35.255064399743965,35.64924375984913,45.80741367397151,8.0530612245,9.034910303935191e-12,2.6896064000029583,2.746867599984398,0.0057520999980624765,9.999785106629133e-07,2.699002000008477,0.04207729999325238,2.030978800030425,0.0,0.0,3,3,6.684216255205537e-13,1.6735400409559448e-12,1.8396953936643367e-06,direct,,,,,0.9494889999914449,0.9494878999830689,0.13361879999865778,0.0220450000197161,0.0006315999780781567,0.23083320001023822,0.4871329000161495,0.005722400004742667,0.007405899988953024,,,3.696963299997151,diagnostics\2c_measurement_comparison\matched_8153_seeded_step005\warm\points\point_0083_p_m23p785dbm_fp_8p15306ghz\pump
warm,84,84,0,-23.78,8.1530612245,6.8656277638491395e-06,PASS,VALID_CONVERGED,VALID_SOLVED,True,False,secant,,,34.95692546449069,35.35110482459585,45.267038978200304,8.0530612245,9.057166718808463e-12,2.6309756000118796,2.688482700003078,0.005802700005006045,1.9000144675374031e-06,2.643396200001007,0.0392295999918133,1.9753915000183042,0.0,0.0,3,3,8.2557852835722e-13,1.7270392876873102e-12,1.841175743784037e-06,direct,,,,,0.8012167999986559,0.8012159999925643,0.10548819997347891,0.02194410000811331,0.0008703999919816852,0.17007039999589324,0.4218830000027083,0.0054364000097848475,0.004817000008188188,,,3.4902688000001945,diagnostics\2c_measurement_comparison\matched_8153_seeded_step005\warm\points\point_0084_p_m23p78dbm_fp_8p15306ghz\pump
warm,85,85,0,-23.775,8.1530612245,6.869581074630058e-06,PASS,VALID_CONVERGED,VALID_SOLVED,True,False,secant,,,35.126587337508724,35.52076669761389,45.1745159202526,8.0530612245,9.310221046226684e-12,2.309276600019075,2.360981100006029,0.008336500002769753,1.2999807950109243e-06,2.316287800000282,0.03632429998833686,1.7055111000081524,0.0,0.0,3,3,4.41993844278681e-12,4.665942423017954e-12,1.8427909593268078e-06,direct,,,,,0.8524700000125449,0.8524694000079762,0.0950598000199534,0.020663100003730506,0.0004878000181633979,0.18803270001080818,0.4788023000000976,0.00532639998709783,0.005845500010764226,,,3.2144793000188656,diagnostics\2c_measurement_comparison\matched_8153_seeded_step005\warm\points\point_0085_p_m23p775dbm_fp_8p15306ghz\pump
warm,86,86,0,-23.77,8.1530612245,6.873536661774714e-06,PASS,VALID_CONVERGED,VALID_SOLVED,True,False,secant,,,35.82027368610052,36.21445304620569,45.6142469090921,8.0530612245,1.1179717726622169e-11,2.475406799989287,2.5326590000186116,0.0059775999980047345,1.400010660290718e-06,2.486645500001032,0.04000189999351278,1.7955288000230212,0.0,0.0,3,3,1.5070007089582785e-11,1.5144568230449035e-11,1.842389050569943e-06,direct,,,,,0.9872956000035629,0.9872938999906182,0.16221790001145564,0.02361989999189973,0.0005182000168133527,0.2183468000148423,0.4972014999948442,0.007005599996773526,0.006710599991492927,,,3.520961400005035,diagnostics\2c_measurement_comparison\matched_8153_seeded_step005\warm\points\point_0086_p_m23p77dbm_fp_8p15306ghz\pump
warm,87,87,0,-23.765,8.1530612245,6.877494526593873e-06,PASS,VALID_CONVERGED,VALID_SOLVED,True,False,secant,,,36.82492236013999,37.219101720245156,46.40177061661987,8.0530612245,1.3097656701997339e-11,2.920195500017144,2.9925015999760944,0.0115446999843698,1.9999861251562834e-06,2.9289773000054993,0.051932499976828694,2.1396619000006467,0.0,0.0,3,3,1.4261196437241093e-11,1.4340931623025072e-11,1.838300313389743e-06,direct,,,,,0.868009899975732,0.8680091999995057,0.14536070000031032,0.024153699981980026,0.0008697999874129891,0.23762790000182576,0.4021950000023935,0.003982500027632341,0.003985100018326193,,,3.8608896999794524,diagnostics\2c_measurement_comparison\matched_8153_seeded_step005\warm\points\point_0087_p_m23p765dbm_fp_8p15306ghz\pump
warm,88,88,0,-23.759999999999998,8.1530612245,6.881454670399055e-06,PASS,VALID_CONVERGED,VALID_SOLVED,True,False,secant,,,37.716734130921964,38.110913491027134,47.117338766734576,8.0530612245,1.5761483030898953e-11,2.314176399988355,2.363575099996524,0.004579000000376254,1.600012183189392e-06,2.324139800010016,0.03481800001463853,1.7484983999456745,0.0,0.0,3,3,7.47127515829673e-12,7.623382031498168e-12,1.8308236263063708e-06,direct,,,,,0.9842933999898378,0.9842923999822233,0.1592205000051763,0.028209999989485368,0.0009397999965585768,0.22903190000215545,0.4894320000021253,0.005463799985591322,0.005283199978293851,,,3.3487599000218324,diagnostics\2c_measurement_comparison\matched_8153_seeded_step005\warm\points\point_0088_p_m23p76dbm_fp_8p15306ghz\pump
warm,89,89,0,-23.755,8.1530612245,6.885417094502512e-06,PASS,VALID_CONVERGED,VALID_SOLVED,True,False,secant,,,38.13524544387021,38.52942480397538,47.38547404478588,8.0530612245,1.8142464238268227e-11,2.4740269999892917,2.5238165000046138,0.008469100022921339,1.600012183189392e-06,2.4808571999892592,0.0344545999832917,1.8651754999882542,0.0,0.0,3,3,1.7379531783626755e-12,2.291534379532611e-12,1.8255252012963073e-06,direct,,,,,0.7766558000002988,0.7766550999949686,0.08781789999920875,0.022558199998456985,0.00051710000843741,0.16607330000260845,0.442684100009501,0.0033816999930422753,0.004097400000318885,,,3.302727699978277,diagnostics\2c_measurement_comparison\matched_8153_seeded_step005\warm\points\point_0089_p_m23p755dbm_fp_8p15306ghz\pump
warm,90,90,0,-23.75,8.1530612245,6.8893818002172755e-06,PASS,VALID_CONVERGED,VALID_SOLVED,True,False,secant,,,37.966718308087756,38.360897668192926,47.074452829445676,8.0530612245,1.5372425718203927e-11,2.525053499994101,2.600551900017308,0.006802000018069521,1.0999792721122503e-06,2.5325552000140306,0.06115640001371503,1.8349728000175674,0.0,0.0,3,3,7.072598895384969e-13,1.6683329339149335e-12,1.8202197363291038e-06,direct,,,,,0.9189393000269774,0.9189382000186015,0.12999269997817464,0.0222152000060305,0.0007258999976329505,0.21675250001135282,0.4850484000053257,0.004251900012604892,0.005899999989196658,,,3.5199645000102464,diagnostics\2c_measurement_comparison\matched_8153_seeded_step005\warm\points\point_0090_p_m23p75dbm_fp_8p15306ghz\pump
warm,91,91,0,-23.745,8.1530612245,6.89334878885713e-06,PASS,VALID_CONVERGED,VALID_SOLVED,True,False,secant,,,37.32023650342996,37.71441586353512,46.27713290402076,8.0530612245,1.6508400403524168e-11,2.663646900007734,2.710207600001013,0.0062516000180039555,2.100015990436077e-06,2.6708451000158675,0.033067400014260784,2.015798900014488,0.0,0.0,3,3,6.669653555821432e-13,1.63385477616412e-12,1.81551465029762e-06,direct,,,,,0.9268801000143867,0.9268796000105795,0.12098860001424327,0.023620599997229874,0.0004923999949824065,0.18912950000958517,0.5235291999997571,0.004354899981990457,0.00658719998318702,,,3.6377154999936465,diagnostics\2c_measurement_comparison\matched_8153_seeded_step005\warm\points\point_0091_p_m23p745dbm_fp_8p15306ghz\pump
warm,92,92,0,-23.74,8.1530612245,6.897318061736598e-06,PASS,VALID_CONVERGED,VALID_SOLVED,True,False,secant,,,36.351107956605254,36.74528731671042,45.13084561017781,8.0530612245,1.3462325117714508e-11,2.566778600012185,2.6184267999778967,0.007528099988121539,1.7999846022576094e-06,2.5760895000130404,0.034772399987559766,1.8692209999717306,0.0,0.0,3,3,6.586453363879266e-13,1.6602231098692724e-12,1.8125017161220135e-06,direct,,,,,0.9527149999921676,0.9527136999822687,0.1640268999908585,0.024601500015705824,0.0004702000005636364,0.19531469998764805,0.4843459000112489,0.006826900003943592,0.0063412000017706305,,,3.572043499996653,diagnostics\2c_measurement_comparison\matched_8153_seeded_step005\warm\points\point_0092_p_m23p74dbm_fp_8p15306ghz\pump
warm,93,93,0,-23.735,8.1530612245,6.901289620170979e-06,PASS,VALID_CONVERGED,VALID_SOLVED,True,False,secant,,,35.10341466876781,35.497594028872975,43.642971216820996,8.0530612245,1.0673780320890815e-11,2.6103748999885283,2.6566846999921836,0.0064033000089693815,2.3999891709536314e-06,2.617593599978136,0.03264520000084303,1.947603499982506,0.0,0.0,3,3,5.460719920009784e-12,5.666318303125628e-12,1.8130669956339767e-06,direct,,,,,0.8359206000168342,0.835920100013027,0.12221810000482947,0.023779100010870025,0.0008525000012014061,0.20731810000143014,0.42316740000387654,0.004013400000985712,0.005181100015761331,,,3.493682700005593,diagnostics\2c_measurement_comparison\matched_8153_seeded_step005\warm\points\point_0093_p_m23p735dbm_fp_8p15306ghz\pump
warm,94,94,0,-23.73,8.1530612245,6.9052634654763295e-06,ERROR,FAIL,ERROR,True,False,secant,line search failed at Newton 2,,,,,,,2.064329600019846,2.110260499990545,0.0073386000003665686,1.200009137392044e-06,2.0703464999969583,0.03254799998831004,1.1423013000166975,0.0,0.0,2,2,0.0003951224530197659,0.0003951224530197328,1.8295098616013334e-06,direct,,,,,,,,,,,,,,,,2.1102815000049304,diagnostics\2c_measurement_comparison\matched_8153_seeded_step005\warm\points\point_0094_p_m23p73dbm_fp_8p15306ghz\pump
warm,95,95,0,-23.725,8.1530612245,6.909239598969445e-06,ERROR,FAIL,ERROR,True,False,secant,stalled at Newton 5 (reduction ratio 0.888),,,,,,,4.98107819998404,5.0414429000229575,0.0055342999985441566,1.300009898841381e-06,4.98874280002201,0.04712860001018271,3.274271700036479,0.0,0.0,5,5,0.0013060870775766734,0.0013060870775766728,1.8621018160091833e-06,direct,,,,,,,,,,,,,,,,5.041467100003501,diagnostics\2c_measurement_comparison\matched_8153_seeded_step005\warm\points\point_0095_p_m23p725dbm_fp_8p15306ghz\pump
warm,96,96,0,-23.72,8.1530612245,6.913218021967896e-06,ERROR,FAIL,ERROR,True,False,secant,stalled at Newton 5 (reduction ratio 0.993),,,,,,,5.04866659999243,5.100697199988645,0.009013600007165223,1.00000761449337e-06,5.056565999984741,0.035087999975075945,3.4422797999868635,0.0,0.0,5,5,0.0008684108643433726,0.0008684108643434525,1.8500319828989737e-06,direct,,,,,,,,,,,,,,,,5.100724399992032,diagnostics\2c_measurement_comparison\matched_8153_seeded_step005\warm\points\point_0096_p_m23p72dbm_fp_8p15306ghz\pump
warm,97,97,0,-23.715,8.1530612245,6.917198735790016e-06,ERROR,FAIL,ERROR,True,False,secant,stalled at Newton 5 (reduction ratio 0.895),,,,,,,4.866472599998815,4.922738599998411,0.007378100010100752,1.300009898841381e-06,4.876473000011174,0.038854199985507876,3.4405875999946147,0.0,0.0,5,5,0.0009937591843604088,0.0009937591843604172,1.8540926528056776e-06,direct,,,,,,,,,,,,,,,,4.9227845999994315,diagnostics\2c_measurement_comparison\matched_8153_seeded_step005\warm\points\point_0097_p_m23p715dbm_fp_8p15306ghz\pump
warm,98,98,0,-23.71,8.1530612245,6.9211817417548745e-06,PASS,VALID_CONVERGED,VALID_SOLVED,True,False,secant,,,33.66594580487645,34.06012516498161,39.782204034478276,8.0530612245,1.004164487468569e-11,8.349081499996828,8.41251310001826,0.0073087000055238605,2.7999922167509794e-06,8.357154199999059,0.04798780000419356,6.033727100002579,0.0,0.0,10,10,5.219285622837587e-12,5.4261057217797674e-12,1.870294608799999e-06,direct,,,,,0.9023660999955609,0.9023653999902308,0.16606719998526387,0.02585840001120232,0.0007200999825727195,0.1851942999928724,0.4587169000005815,0.004938400001265109,0.004923100001178682,,,9.315425300010247,diagnostics\2c_measurement_comparison\matched_8153_seeded_step005\warm\points\point_0098_p_m23p71dbm_fp_8p15306ghz\pump
warm,99,99,0,-23.705,8.1530612245,6.92516704118232e-06,PASS,VALID_CONVERGED,VALID_SOLVED,True,False,secant,,,33.26766944427779,33.661848804382956,39.08792530566659,8.0530612245,8.275305364543889e-12,4.287943800009089,4.347539100010181,0.008814900007564574,1.300009898841381e-06,4.298457700002473,0.04022439999971539,3.203412200004095,0.0,0.0,5,5,6.667414491586974e-13,1.6256949596229577e-12,1.87270358184638e-06,direct,,,,,0.9164768999908119,0.9164758000115398,0.10955049999756739,0.022121500020148233,0.0005050999752711505,0.2234891000261996,0.4960508999938611,0.005423199996585026,0.0061784000135958195,,,5.264562600001227,diagnostics\2c_measurement_comparison\matched_8153_seeded_step005\warm\points\point_0099_p_m23p705dbm_fp_8p15306ghz\pump
warm,100,100,0,-23.7,8.1530612245,6.929154635392964e-06,PASS,VALID_CONVERGED,VALID_SOLVED,True,False,secant,,,32.88309892839246,33.27727828849762,38.415334819184544,8.0530612245,7.853297122296533e-12,2.5033578000147827,2.5772769000031985,0.010312200000043958,1.800013706088066e-06,2.512724700005492,0.05420109999249689,1.8333451999933459,0.0,0.0,3,3,6.856889826781075e-11,6.858568040453262e-11,1.8770119132706246e-06,direct,,,,,0.9657226999988779,0.9657213999889791,0.15912990001379512,0.02552220001234673,0.0005141999863553792,0.20914079999784008,0.4989392999850679,0.00615609998931177,0.005818799982080236,,,3.5436493000015616,diagnostics\2c_measurement_comparison\matched_8153_seeded_step005\warm\points\point_0100_p_m23p7dbm_fp_8p15306ghz\pump
warm,101,101,0,-23.695,8.1530612245,6.933144525708157e-06,PASS,VALID_CONVERGED,VALID_SOLVED,True,False,secant,,,32.658844174612575,33.053023534717745,37.931680450935495,8.0530612245,1.0416590430517022e-11,2.7054119000094943,2.760148000001209,0.009229399991454557,2.2999884095042944e-06,2.7130709000048228,0.03780360001837835,2.0162530000088736,0.0,0.0,3,3,1.1052343182191808e-10,1.1053350562802797e-10,1.8906029656900557e-06,direct,,,,,0.9156489000015426,0.915648299996974,0.12197740000556223,0.025847100012470037,0.0004918999911751598,0.2113007000007201,0.49798839999129996,0.004157899995334446,0.004377000004751608,,,3.67672719998518,diagnostics\2c_measurement_comparison\matched_8153_seeded_step005\warm\points\point_0101_p_m23p695dbm_fp_8p15306ghz\pump
warm,102,102,0,-23.69,8.1530612245,6.937136713450022e-06,PASS,VALID_CONVERGED,VALID_SOLVED,True,False,secant,,,32.679851127667796,33.074030487772966,37.73277192729647,8.0530612245,6.721680061502265e-12,2.4157969999941997,2.473181299981661,0.00705239997478202,1.700012944638729e-06,2.424277300015092,0.041808599984506145,1.821836999966763,0.0,0.0,3,3,9.095710857509764e-11,9.096932890025965e-11,1.8979523287558227e-06,direct,,,,,0.8218218999973033,0.8218211999919731,0.1407865000073798,0.027482599980430678,0.0005769999988842756,0.1838123999768868,0.40688850000151433,0.004088799993041903,0.005081399984192103,,,3.2955332999990787,diagnostics\2c_measurement_comparison\matched_8153_seeded_step005\warm\points\point_0102_p_m23p69dbm_fp_8p15306ghz\pump
warm,103,103,0,-23.685,8.1530612245,6.941131199941475e-06,PASS,VALID_CONVERGED,VALID_SOLVED,True,False,secant,,,32.90045815009841,33.29463751020357,37.77395695864391,8.0530612245,8.519084492740677e-12,2.5736537000047974,2.6277516999980435,0.01032689999556169,1.3999815564602613e-06,2.5819014000007883,0.03548869999940507,1.9302168000140227,0.0,0.0,3,3,4.662313671666152e-11,4.664715741749778e-11,1.8987690216764305e-06,direct,,,,,0.9358674999966752,0.9358664000174031,0.12732790000154637,0.020760999992489815,0.0008577999833505601,0.21246539999265224,0.4952464000089094,0.006168199994135648,0.005432299978565425,,,3.5641770999936853,diagnostics\2c_measurement_comparison\matched_8153_seeded_step005\warm\points\point_0103_p_m23p685dbm_fp_8p15306ghz\pump
warm,104,104,0,-23.68,8.1530612245,6.945127986506125e-06,PASS,VALID_CONVERGED,VALID_SOLVED,True,False,secant,,,33.193357351063014,33.587536711168184,37.92285427450963,8.0530612245,1.0191628552540421e-11,2.6149942000047304,2.6744099000061397,0.005357999994885176,1.9999861251562834e-06,2.628061199997319,0.04094020000775345,1.9474443000217434,0.0,0.0,3,3,1.8618183392149298e-11,1.8680230251221616e-11,1.8935554699758253e-06,direct,,,,,0.8673329000012018,0.8673322999966331,0.18876580000505783,0.021860399981960654,0.00048049999168142676,0.1729535000049509,0.41198519998579286,0.004582699999446049,0.006984999985434115,,,3.5423252999898978,diagnostics\2c_measurement_comparison\matched_8153_seeded_step005\warm\points\point_0104_p_m23p68dbm_fp_8p15306ghz\pump
warm,105,105,0,-23.675,8.1530612245,6.949127074468393e-06,PASS,VALID_CONVERGED,VALID_SOLVED,True,False,secant,,,33.45287145101895,33.84705081112411,38.06488815498184,8.0530612245,7.589402837726969e-12,2.5582436000113375,2.6089785000076517,0.0070368000015150756,1.600012183189392e-06,2.566619499993976,0.035285099991597235,1.8840217999822926,0.0,0.0,3,3,6.9935616583418896e-12,7.153662958707797e-12,1.8832276282134774e-06,direct,,,,,0.9464107000094373,0.9464095000002999,0.15187309999600984,0.02076169999781996,0.000807800010079518,0.21986489999108016,0.4889005000004545,0.00529820000519976,0.00526259999605827,,,3.5563668999820948,diagnostics\2c_measurement_comparison\matched_8153_seeded_step005\warm\points\point_0105_p_m23p675dbm_fp_8p15306ghz\pump
warm,106,106,0,-23.669999999999998,8.1530612245,6.953128465153475e-06,PASS,VALID_CONVERGED,VALID_SOLVED,True,False,secant,,,33.63592433053518,34.03010369064035,38.14549101730993,8.0530612245,7.59541477955148e-12,2.546950399992056,2.599687499983702,0.005706299998564646,1.700012944638729e-06,2.556856599985622,0.037085299991304055,1.9347279999929015,0.0,0.0,3,3,3.049512140484326e-12,3.3964876049008707e-12,1.8688115062528694e-06,direct,,,,,0.9150719000026584,0.9150697000150103,0.11033249998581596,0.030337000003783032,0.0005061000119894743,0.21779589998186566,0.4888689999934286,0.006019199994625524,0.005021399992983788,,,3.5158583000011276,diagnostics\2c_measurement_comparison\matched_8153_seeded_step005\warm\points\point_0106_p_m23p67dbm_fp_8p15306ghz\pump
warm,107,107,0,-23.665,8.1530612245,6.957132159887275e-06,PASS,VALID_CONVERGED,VALID_SOLVED,True,False,secant,,,33.739909874371634,34.1340892344768,38.148323308208745,8.0530612245,6.679127108132065e-12,2.9304288999992423,2.9873867999995127,0.009950999985449016,2.1999876480549574e-06,2.9407683999743313,0.03661040001315996,2.0474215000285767,0.0,0.0,3,3,1.9874905232171075e-12,2.4928438883942343e-12,1.8527670637739797e-06,direct,,,,,0.9208356000017375,0.9208346999948844,0.13662669999757782,0.02531910000834614,0.0004982000100426376,0.1905302999948617,0.5012280999799259,0.0033150999806821346,0.005896000016946346,,,3.909072799986461,diagnostics\2c_measurement_comparison\matched_8153_seeded_step005\warm\points\point_0107_p_m23p665dbm_fp_8p15306ghz\pump
warm,108,108,0,-23.66,8.1530612245,6.961138159996497e-06,PASS,VALID_CONVERGED,VALID_SOLVED,True,False,secant,,,33.770325288458324,34.164504648563494,38.06152265700708,8.0530612245,6.364106795280726e-12,2.5022038999886718,2.5514795999915805,0.007796599995344877,1.5999830793589354e-06,2.5098104999924544,0.033827399980509654,1.9054302999866195,0.0,0.0,3,3,2.406293662564654e-12,2.8308360285885036e-12,1.84398827232404e-06,direct,,,,,0.8298744999920018,0.8298735999851488,0.12022660000366159,0.023075600009178743,0.0005499999970197678,0.2015073999937158,0.42638350001652725,0.004158399999141693,0.005154599988600239,,,3.3824555999890435,diagnostics\2c_measurement_comparison\matched_8153_seeded_step005\warm\points\point_0108_p_m23p66dbm_fp_8p15306ghz\pump
warm,109,109,0,-23.655,8.1530612245,6.965146466808626e-06,PASS,VALID_CONVERGED,VALID_SOLVED,True,False,secant,,,33.715901875018275,34.11008123512344,37.84862038465293,8.0530612245,7.010502948042066e-12,2.338891199993668,2.382921099982923,0.006693100003758445,1.200009137392044e-06,2.3458788999996614,0.03031639999244362,1.7077861000143457,0.0,0.0,3,3,7.50332972427376e-12,7.651705298147664e-12,1.8342996457013207e-06,direct,,,,,0.8018233999900986,0.801822599984007,0.14467800001148134,0.022324100020341575,0.0005512999778147787,0.16266500001074746,0.41947930000605993,0.004247600008966401,0.003999300010036677,,,3.1879402000049595,diagnostics\2c_measurement_comparison\matched_8153_seeded_step005\warm\points\point_0109_p_m23p655dbm_fp_8p15306ghz\pump
warm,110,110,0,-23.65,8.1530612245,6.969157081651874e-06,PASS,VALID_CONVERGED,VALID_SOLVED,True,False,secant,,,33.51681201021787,33.91099137032304,37.40933259210984,8.0530612245,8.296771834299642e-12,2.5996601000078954,2.6488755000173114,0.007111200015060604,1.00000761449337e-06,2.6077946000150405,0.03393370000412688,1.998403600009624,0.0,0.0,3,3,8.0332954284761e-11,8.034688538016775e-11,1.819570017069781e-06,direct,,,,,0.9071527000050992,0.9071524000028148,0.15099449999979697,0.021539099980145693,0.0006086000066716224,0.19604169999365695,0.4795053999987431,0.004101800004718825,0.004468699975404888,,,3.5564836999983527,diagnostics\2c_measurement_comparison\matched_8153_seeded_step005\warm\points\point_0110_p_m23p65dbm_fp_8p15306ghz\pump
warm,111,111,0,-23.645,8.1530612245,6.973170005855219e-06,PASS,VALID_CONVERGED,VALID_SOLVED,True,False,secant,,,33.050924841112575,33.44510420121774,36.57138827666642,8.0530612245,7.406382563158805e-12,3.5177960000000894,3.5872909000026993,0.004667400004109368,1.100008375942707e-06,3.5286897999758366,0.05389490001834929,2.650321299995994,0.0,0.0,4,4,6.562311788264951e-13,1.6245247454841251e-12,1.8051111999098448e-06,direct,,,,,0.9549398000235669,0.9549392000189982,0.11756680000689812,0.028801200009183958,0.0005146999901626259,0.21715430001495406,0.5146142999874428,0.005760200001532212,0.003713899990543723,,,4.542900100001134,diagnostics\2c_measurement_comparison\matched_8153_seeded_step005\warm\points\point_0111_p_m23p645dbm_fp_8p15306ghz\pump
warm,112,112,0,-23.64,8.1530612245,6.977185240748447e-06,PASS,VALID_CONVERGED,VALID_SOLVED,True,False,secant,,,32.559585723742515,32.95376508384768,35.57356958656413,8.0530612245,7.1560848029146794e-12,3.3627988999942318,3.40967309998814,0.009212300006765872,2.1999876480549574e-06,3.3685337999777403,0.031890999991446733,2.5026051999884658,0.0,0.0,4,4,8.988146889768381e-11,8.98936300699971e-11,1.8053321149539384e-06,direct,,,,,0.7702351000043564,0.7702342999982648,0.09041249999427237,0.021673999988706782,0.0004993000184185803,0.1808145999966655,0.41075299997464754,0.004438800009666011,0.006451900000683963,,,4.181923199997982,diagnostics\2c_measurement_comparison\matched_8153_seeded_step005\warm\points\point_0112_p_m23p64dbm_fp_8p15306ghz\pump
warm,113,113,0,-23.635,8.1530612245,6.981202787662067e-06,PASS,VALID_CONVERGED,VALID_SOLVED,True,False,secant,,,30.820095774783756,31.214275134888922,32.83728658741054,8.0530612245,6.121307526077873e-12,5.8083877000026405,5.865614399983315,0.00888240002677776,1.300009898841381e-06,5.820378600008553,0.036311899981228635,4.32245549999061,0.0,0.0,7,7,6.573827966791335e-13,1.6155506888252285e-12,1.8005423699062166e-06,direct,,,,,0.7780663000012282,0.7780656000250019,0.10008490001200698,0.024360799987334758,0.0005559999844990671,0.18845809999038465,0.410896400018828,0.004167999984929338,0.0037241000100038946,,,6.644738500006497,diagnostics\2c_measurement_comparison\matched_8153_seeded_step005\warm\points\point_0113_p_m23p635dbm_fp_8p15306ghz\pump
warm,114,114,0,-23.63,8.1530612245,6.985222647927353e-06,ERROR,FAIL,ERROR,True,False,secant,stalled at Newton 10 (reduction ratio 0.970),,,,,,,9.480955400009407,9.656438699981663,0.007094999979017302,1.400010660290718e-06,9.489763000019593,0.1595484999998007,6.322072000039043,0.0,0.0,10,10,0.00017601533428525664,0.00017601533428520752,1.810811004395276e-06,direct,,,,,,,,,,,,,,,,9.656477499986067,diagnostics\2c_measurement_comparison\matched_8153_seeded_step005\warm\points\point_0114_p_m23p63dbm_fp_8p15306ghz\pump
warm,115,115,0,-23.625,8.1530612245,6.9892448228763895e-06,ERROR,FAIL,ERROR,True,False,secant,stalled at Newton 7 (reduction ratio 0.998),,,,,,,6.3956425999931525,6.44995160002145,0.009122999996179715,2.1999876480549574e-06,6.406300500006182,0.03448000000207685,4.2600858000223525,0.0,0.0,7,7,0.005475356952242401,0.005475356952242412,1.9921894057080647e-06,direct,,,,,,,,,,,,,,,,6.4499806000094395,diagnostics\2c_measurement_comparison\matched_8153_seeded_step005\warm\points\point_0115_p_m23p625dbm_fp_8p15306ghz\pump
warm,116,116,0,-23.62,8.1530612245,6.993269313841985e-06,ERROR,FAIL,ERROR,True,False,secant,stalled at Newton 6 (reduction ratio 1.000),,,,,,,6.186270400008652,6.235423200007062,0.007049400010146201,2.300017513334751e-06,6.195146100013517,0.03318830000353046,4.079180000000633,0.0,0.0,6,6,0.008037007667729275,0.008037007667729279,1.924683480399397e-06,direct,,,,,,,,,,,,,,,,6.2354665999882855,diagnostics\2c_measurement_comparison\matched_8153_seeded_step005\warm\points\point_0116_p_m23p62dbm_fp_8p15306ghz\pump
warm,117,117,0,-23.615,8.1530612245,6.997296122157716e-06,ERROR,FAIL,ERROR,True,False,secant,stalled at Newton 5 (reduction ratio 1.000),,,,,,,5.587752999999793,5.647510200011311,0.010505500016734004,3.200024366378784e-06,5.5994176999956835,0.03753519998281263,3.1813480000419077,0.0,0.0,5,5,0.043331385043998256,0.04333138504399828,2.3047143634516094e-06,direct,,,,,,,,,,,,,,,,5.647547799977474,diagnostics\2c_measurement_comparison\matched_8153_seeded_step005\warm\points\point_0117_p_m23p615dbm_fp_8p15306ghz\pump
warm,118,118,0,-23.61,8.1530612245,7.001325249157968e-06,ERROR,FAIL,ERROR,True,False,secant,stalled at Newton 5 (reduction ratio 0.999),,,,,,,4.7844839000026695,4.850696500012418,0.007787800015648827,2.00001522898674e-06,4.792659700004151,0.05021290000877343,2.875325900007738,0.0,0.0,5,5,0.1642362119400737,0.16423621194007376,2.6562225130578667e-06,direct,,,,,,,,,,,,,,,,4.850731700018514,diagnostics\2c_measurement_comparison\matched_8153_seeded_step005\warm\points\point_0118_p_m23p61dbm_fp_8p15306ghz\pump
warm,119,119,0,-23.605,8.1530612245,7.005356696177853e-06,ERROR,FAIL,ERROR,True,False,secant,stalled at Newton 5 (reduction ratio 0.998),,,,,,,5.891042300005211,5.951228699996136,0.009523899992927909,1.2999807950109243e-06,5.904808599996613,0.036848299991106614,3.3080521000083536,0.0,0.0,5,5,0.2679599199347805,0.2679599199347806,2.6562205831587356e-06,direct,,,,,,,,,,,,,,,,5.951254399988102,diagnostics\2c_measurement_comparison\matched_8153_seeded_step005\warm\points\point_0119_p_m23p605dbm_fp_8p15306ghz\pump
warm,120,120,0,-23.6,8.1530612245,7.009390464553252e-06,ERROR,FAIL,ERROR,True,False,secant,line search failed at Newton 3,,,,,,,3.652836199995363,3.7076545999734662,0.006877500010887161,1.4999823179095984e-06,3.6619709999940824,0.03877179999835789,2.0177251999848522,0.0,0.0,3,3,0.46026843884717633,0.4602684388471764,2.6562203127184115e-06,direct,,,,,,,,,,,,,,,,3.7076956999953836,diagnostics\2c_measurement_comparison\matched_8153_seeded_step005\warm\points\point_0120_p_m23p6dbm_fp_8p15306ghz\pump
warm,121,121,0,-23.595,8.1530612245,7.0134265556208586e-06,ERROR,FAIL,ERROR,True,False,secant,stalled at Newton 4 (reduction ratio 0.998),,,,,,,5.043551100010518,5.105422199994791,0.01110169998719357,2.0999868866056204e-06,5.053224000002956,0.041043999983230606,2.8011650000407826,0.0,0.0,4,4,0.6194739353682254,0.6194739353682253,2.6562225462640434e-06,direct,,,,,,,,,,,,,,,,5.105469600006472,diagnostics\2c_measurement_comparison\matched_8153_seeded_step005\warm\points\point_0121_p_m23p595dbm_fp_8p15306ghz\pump
warm,122,122,0,-23.59,8.1530612245,7.017464970718092e-06,ERROR,FAIL,ERROR,True,False,secant,line search failed at Newton 3,,,,,,,3.88886750000529,3.9465397000021767,0.004957199998898432,1.400010660290718e-06,3.902594199986197,0.03894349999609403,1.9350683999655303,0.0,0.0,3,3,0.8199334362153606,0.8199334362153606,2.656222583425944e-06,direct,,,,,,,,,,,,,,,,3.9465688999916892,diagnostics\2c_measurement_comparison\matched_8153_seeded_step005\warm\points\point_0122_p_m23p59dbm_fp_8p15306ghz\pump
warm,123,123,0,-23.585,8.1530612245,7.021505711183143e-06,ERROR,FAIL,ERROR,True,False,secant,stalled at Newton 4 (reduction ratio 0.996),,,,,,,4.967596399976173,5.015705199999502,0.00820070001645945,1.800013706088066e-06,4.974037600011798,0.033436099998652935,2.7171500000113156,0.0,0.0,4,4,1.0156986850634822,1.0156986850634824,2.656222584252803e-06,direct,,,,,,,,,,,,,,,,5.0157340000150725,diagnostics\2c_measurement_comparison\matched_8153_seeded_step005\warm\points\point_0123_p_m23p585dbm_fp_8p15306ghz\pump
warm,124,124,0,-23.58,8.1530612245,7.025548778355013e-06,ERROR,FAIL,ERROR,True,False,secant,stalled at Newton 4 (reduction ratio 0.999),,,,,,,4.510363799985498,4.559769000014057,0.007926500024041161,1.100008375942707e-06,4.519619300001068,0.03219339999486692,2.218397799995728,0.0,0.0,4,4,1.2769459734895199,1.2769459734895197,2.656222585961705e-06,direct,,,,,,,,,,,,,,,,4.559794400003739,diagnostics\2c_measurement_comparison\matched_8153_seeded_step005\warm\points\point_0124_p_m23p58dbm_fp_8p15306ghz\pump
warm,125,125,0,-23.575,8.1530612245,7.029594173573434e-06,ERROR,FAIL,ERROR,True,False,secant,stalled at Newton 4 (reduction ratio 0.994),,,,,,,4.1422593999886885,4.210060400015209,0.006795199995394796,1.600012183189392e-06,4.151287899992894,0.05194490001304075,2.4096981000038795,0.0,0.0,4,4,1.4355627698817979,1.4355627698817983,2.6562221135071188e-06,direct,,,,,,,,,,,,,,,,4.210092000022996,diagnostics\2c_measurement_comparison\matched_8153_seeded_step005\warm\points\point_0125_p_m23p575dbm_fp_8p15306ghz\pump
warm,126,126,0,-23.57,8.1530612245,7.0336418981789095e-06,ERROR,FAIL,ERROR,True,False,secant,stalled at Newton 4 (reduction ratio 0.992),,,,,,,4.432498700014548,4.489386900007958,0.010426900000311434,1.4999823179095984e-06,4.442137800011551,0.036788800003705546,2.34969849998015,0.0,0.0,4,4,1.726657710684449,1.7266577106844492,2.6562225857654863e-06,direct,,,,,,,,,,,,,,,,4.489444700011518,diagnostics\2c_measurement_comparison\matched_8153_seeded_step005\warm\points\point_0126_p_m23p57dbm_fp_8p15306ghz\pump
warm,127,127,0,-23.565,8.1530612245,7.03769195351275e-06,ERROR,FAIL,ERROR,True,False,secant,stalled at Newton 4 (reduction ratio 0.997),,,,,,,4.861610699997982,4.907642700010911,0.006014699989464134,1.100008375942707e-06,4.867827900015982,0.033772299997508526,2.6888980999647174,0.0,0.0,4,4,2.098363405695355,2.0983634056953546,2.6562225844748033e-06,direct,,,,,,,,,,,,,,,,4.907682599994587,diagnostics\2c_measurement_comparison\matched_8153_seeded_step005\warm\points\point_0127_p_m23p565dbm_fp_8p15306ghz\pump
warm,128,128,0,-23.56,8.1530612245,7.0417443409170235e-06,ERROR,FAIL,ERROR,True,False,secant,stalled at Newton 4 (reduction ratio 0.999),,,,,,,4.855508799984818,4.940220099990256,0.005806900007883087,1.400010660290718e-06,4.865986100019654,0.06838479998987168,2.7564040000142995,0.0,0.0,4,4,2.449224700652112,2.4492247006521115,2.6562225838790812e-06,direct,,,,,,,,,,,,,,,,4.940256300003966,diagnostics\2c_measurement_comparison\matched_8153_seeded_step005\warm\points\point_0128_p_m23p56dbm_fp_8p15306ghz\pump
warm,129,129,0,-23.555,8.1530612245,7.045799061734529e-06,ERROR,FAIL,ERROR,True,False,secant,stalled at Newton 4 (reduction ratio 0.996),,,,,,,5.108470100007253,5.160461999999825,0.008679799997480586,2.3999891709536314e-06,5.11622810002882,0.035510299989255145,2.8358147999970242,0.0,0.0,4,4,2.746534784351206,2.7465347843512062,2.6562225426496085e-06,direct,,,,,,,,,,,,,,,,5.160499899997376,diagnostics\2c_measurement_comparison\matched_8153_seeded_step005\warm\points\point_0129_p_m23p555dbm_fp_8p15306ghz\pump
warm,130,130,0,-23.55,8.1530612245,7.049856117308901e-06,ERROR,FAIL,ERROR,True,False,secant,stalled at Newton 4 (reduction ratio 0.999),,,,,,,4.322705600003246,4.371259800012922,0.0073025000165216625,1.100008375942707e-06,4.329532499978086,0.034387099993182346,2.4712404999881983,0.0,0.0,4,4,3.208439609772213,3.2084396097722125,2.656222546165573e-06,direct,,,,,,,,,,,,,,,,4.371526900009485,diagnostics\2c_measurement_comparison\matched_8153_seeded_step005\warm\points\point_0130_p_m23p55dbm_fp_8p15306ghz\pump
warm,131,131,0,-23.545,8.1530612245,7.053915508984521e-06,ERROR,FAIL,ERROR,True,False,secant,stalled at Newton 4 (reduction ratio 0.999),,,,,,,4.2324910999741405,4.829369200015208,0.006051500007743016,1.8999853637069464e-06,4.242842300009215,0.5804249999928288,2.381291799945757,0.0,0.0,4,4,3.287685256126843,3.287685256126843,2.6562225829515874e-06,direct,,,,,,,,,,,,,,,,4.829394400003366,diagnostics\2c_measurement_comparison\matched_8153_seeded_step005\warm\points\point_0131_p_m23p545dbm_fp_8p15306ghz\pump
warm,132,132,0,-23.54,8.1530612245,7.05797723810653e-06,ERROR,FAIL,ERROR,True,False,secant,line search failed at Newton 2,,,,,,,2.4392804999952205,2.493545899982564,0.0096897000039462,1.800013706088066e-06,2.4475721000053454,0.03624300000956282,1.3653512000164483,0.0,0.0,2,2,3.770056893753368,3.7700568937533676,2.656222293892033e-06,direct,,,,,,,,,,,,,,,,2.493603200011421,diagnostics\2c_measurement_comparison\matched_8153_seeded_step005\warm\points\point_0132_p_m23p54dbm_fp_8p15306ghz\pump
warm,133,133,0,-23.535,8.1530612245,7.062041306020867e-06,ERROR,FAIL,ERROR,True,False,secant,line search failed at Newton 3,,,,,,,3.597894200007431,3.6567992999916896,0.009632800007238984,3.0999945010989904e-06,3.609149800002342,0.0379650000249967,1.9340047999867238,0.0,0.0,3,3,4.3529074672102395,4.352907467210242,2.6562225812910453e-06,direct,,,,,,,,,,,,,,,,3.6568354000046384,diagnostics\2c_measurement_comparison\matched_8153_seeded_step005\warm\points\point_0133_p_m23p535dbm_fp_8p15306ghz\pump
warm,134,134,0,-23.53,8.1530612245,7.0661077140742406e-06,ERROR,FAIL,ERROR,True,False,secant,stalled at Newton 4 (reduction ratio 0.996),,,,,,,4.754885800008196,4.81627720000688,0.009050499997101724,1.6999838408082724e-06,4.764699999999721,0.04248609999194741,2.4328846999560483,0.0,0.0,4,4,4.907221967578141,4.907221967578141,2.6562224197315e-06,direct,,,,,,,,,,,,,,,,4.816327900014585,diagnostics\2c_measurement_comparison\matched_8153_seeded_step005\warm\points\point_0134_p_m23p53dbm_fp_8p15306ghz\pump
warm,135,135,0,-23.525,8.1530612245,7.070176463614117e-06,ERROR,FAIL,ERROR,True,False,secant,stalled at Newton 4 (reduction ratio 0.994),,,,,,,4.635036699997727,4.685316599992802,0.007056100002955645,2.300017513334751e-06,4.643097299995134,0.03512610000325367,2.488311099965358,0.0,0.0,4,4,5.188283414667946,5.188283414667946,2.656222582340064e-06,direct,,,,,,,,,,,,,,,,4.685350200015819,diagnostics\2c_measurement_comparison\matched_8153_seeded_step005\warm\points\point_0135_p_m23p525dbm_fp_8p15306ghz\pump
warm,136,136,0,-23.52,8.1530612245,7.074247555988762e-06,ERROR,FAIL,ERROR,True,False,secant,stalled at Newton 4 (reduction ratio 1.000),,,,,,,4.931566899991594,4.979572800017195,0.0064165000221692026,1.800013706088066e-06,4.938954800018109,0.03416300000390038,2.80351250001695,0.0,0.0,4,4,5.6257525081476425,5.6257525081476425,2.6562225719139184e-06,direct,,,,,,,,,,,,,,,,4.979613999981666,diagnostics\2c_measurement_comparison\matched_8153_seeded_step005\warm\points\point_0136_p_m23p52dbm_fp_8p15306ghz\pump
warm,137,137,0,-23.515,8.1530612245,7.078320992547212e-06,ERROR,FAIL,ERROR,True,False,secant,stalled at Newton 4 (reduction ratio 0.998),,,,,,,5.223231999989366,5.276620499993442,0.00914460001513362,2.200016751885414e-06,5.23286139999982,0.03457620000699535,2.631009099975927,0.0,0.0,4,4,5.877386869933261,5.877386869933262,2.656222584003534e-06,direct,,,,,,,,,,,,,,,,5.27666400000453,diagnostics\2c_measurement_comparison\matched_8153_seeded_step005\warm\points\point_0137_p_m23p515dbm_fp_8p15306ghz\pump
warm,138,138,0,-23.51,8.1530612245,7.082396774639264e-06,ERROR,FAIL,ERROR,True,False,secant,stalled at Newton 4 (reduction ratio 0.999),,,,,,,4.7524831000191625,4.802371799974935,0.007227799971587956,1.600012183189392e-06,4.760574200015981,0.0345396000193432,2.498733300017193,0.0,0.0,4,4,6.51451499173169,6.51451499173169,2.656222583316317e-06,direct,,,,,,,,,,,,,,,,4.802416799997445,diagnostics\2c_measurement_comparison\matched_8153_seeded_step005\warm\points\point_0138_p_m23p51dbm_fp_8p15306ghz\pump
warm,139,139,0,-23.505,8.1530612245,7.086474903615509e-06,ERROR,FAIL,ERROR,True,False,secant,stalled at Newton 4 (reduction ratio 0.986),,,,,,,4.769467999984045,4.824068200017791,0.006697800010442734,2.700020559132099e-06,4.779668599978322,0.03764419999788515,2.541807000001427,0.0,0.0,4,4,6.931822192571412,6.931822192571412,2.656222554317093e-06,direct,,,,,,,,,,,,,,,,4.824105200008489,diagnostics\2c_measurement_comparison\matched_8153_seeded_step005\warm\points\point_0139_p_m23p505dbm_fp_8p15306ghz\pump
warm,140,140,0,-23.5,8.1530612245,7.090555380827321e-06,ERROR,FAIL,ERROR,True,False,secant,line search failed at Newton 1,,,,,,,1.3181823999912012,1.3665025000227615,0.006982699997024611,1.00000761449337e-06,1.325573500012979,0.03391700002248399,0.6463509000022896,0.0,0.0,1,1,7.5178451236698915,7.5178451236698915,2.6562225841995125e-06,direct,,,,,,,,,,,,,,,,1.3665288000192959,diagnostics\2c_measurement_comparison\matched_8153_seeded_step005\warm\points\point_0140_p_m23p5dbm_fp_8p15306ghz\pump
