f_s_GHz,gain_dB,photon_flux_rel_err,status,dk_lin_rad_per_m,dk_nl_rad_per_m,dk_total_rad_per_m
4.0,0.1278542361512015,3.344612299943103e-12,CONSERVATIVE,-6562.704716502296,591.34,-5971.364716502296
4.1,0.12601777463225164,3.3035655384705063e-12,CONSERVATIVE,-6176.318720664349,591.34,-5584.978720664349
4.2,0.014528112541455456,3.5494181504044277e-12,CONSERVATIVE,-5803.145592146102,591.34,-5211.805592146102
4.3,0.25681384788738765,3.445197311282499e-12,CONSERVATIVE,-5442.988927006896,591.34,-4851.648927006896
4.4,0.1220644376051158,3.8557527809554266e-12,CONSERVATIVE,-5095.66124694694,591.34,-4504.32124694694
4.5,0.054626373323417056,4.509282830372897e-12,CONSERVATIVE,-4760.983660329264,591.34,-4169.643660329264
4.6,0.421579254185769,4.9030596224477715e-12,CONSERVATIVE,-4438.785544398372,591.34,-3847.4455443983716
4.7,0.23583460233053213,5.5570662405020514e-12,CONSERVATIVE,-4128.904247329061,591.34,-3537.564247329061
4.8,0.037213046731225725,6.889143828796528e-12,CONSERVATIVE,-3831.184808849488,591.34,-3239.844808849488
4.9,0.6566745128841027,8.333598907913923e-12,CONSERVATIVE,-3545.4796982878906,591.34,-2954.1396982878905
5.0,0.7203349228869089,1.1014596648320087e-11,CONSERVATIVE,-3271.648568984383,591.34,-2680.308568984383
5.1,0.02716992745293186,1.681058740975681e-11,CONSERVATIVE,-3009.5580280959985,591.34,-2418.2180280959983
5.2,0.7782108375415766,2.8809952068310517e-11,CONSERVATIVE,-2759.0814209013915,591.34,-2167.7414209013914
5.3,2.039103093833689,6.955934598704254e-11,CONSERVATIVE,-2520.0986287839914,591.34,-1928.7586287839913
5.4,1.0956731573047873,1.3307667261280754e-10,CONSERVATIVE,-2292.4958801368484,591.34,-1701.1558801368483
5.5,0.9883625595494119,3.1251398532335137e-10,CONSERVATIVE,-2076.1655734951055,591.34,-1484.8255734951053
5.6,8.158257496608991,2.8925392569516457e-10,CONSERVATIVE,-1871.0061122562038,591.34,-1279.6661122562036
5.7,13.809959757261536,2.393548191148609e-11,CONSERVATIVE,-1676.92175040055,591.34,-1085.58175040055
5.8,17.58865904316601,1.541617395633636e-11,CONSERVATIVE,-1493.8224486719264,591.34,-902.4824486719264
5.9,20.16752295101638,4.954377115546339e-11,CONSERVATIVE,-1321.6237407221488,591.34,-730.2837407221488
6.0,21.93326732163164,2.7297716732414758e-11,CONSERVATIVE,-1160.246608764137,591.34,-568.9066087641369
6.1,23.118173057608402,1.469186422657782e-10,CONSERVATIVE,-1009.6173683170782,591.34,-418.2773683170782
6.2,23.87292296504626,2.378660399803234e-10,CONSERVATIVE,-869.6675616609282,591.34,-278.32756166092815
6.300000000000001,24.30122697655935,1.028751055503418e-10,CONSERVATIVE,-740.3338596524991,591.34,-148.99385965249905
6.4,24.478521344854684,3.1000237924663814e-10,CONSERVATIVE,-621.5579715849744,591.34,-30.217971584974407
6.5,24.46296212191912,2.9905051911206107e-10,CONSERVATIVE,-513.2865628027939,591.34,78.05343719720611
6.6,24.302105515647643,2.1119348925869907e-10,CONSERVATIVE,-415.4711798099888,591.34,175.8688201900112
6.7,24.036958938681956,1.0693563922034355e-10,CONSERVATIVE,-328.0681826383079,591.34,263.2718173616921
6.800000000000001,23.704326108783597,8.365498247700798e-11,CONSERVATIVE,-251.03868426305417,591.34,340.30131573694587
6.9,23.337983810654546,5.0829685640944077e-11,CONSERVATIVE,-184.3484968804696,591.34,406.9915031195304
7.0,22.969036482677314,2.8980372795488694e-11,CONSERVATIVE,-127.96808488173701,591.34,463.371915118263
7.1,22.62570218450001,2.1151969062123146e-11,CONSERVATIVE,-81.87252437967982,591.34,509.4674756203202
7.2,22.332734731000347,3.692351534418344e-11,CONSERVATIVE,-46.041469166317256,591.34,545.2985308336828
7.300000000000001,22.110657569839667,2.400199272026753e-11,CONSERVATIVE,-20.459122997970553,591.34,570.8808770020295
7.4,21.974965793322795,2.900917430727842e-11,CONSERVATIVE,-5.1142181247414555,591.34,586.2257818752586
7.5,21.935435533605254,3.049181878725527e-11,CONSERVATIVE,0.0,591.34,591.34
7.6,21.99565532607548,2.8339873418653117e-11,CONSERVATIVE,-5.1142181247414555,591.34,586.2257818752586
7.7,22.152854777524794,2.3259799623748985e-11,CONSERVATIVE,-20.459122997970553,591.34,570.8808770020295
7.800000000000001,22.39805247176452,3.010110167133064e-11,CONSERVATIVE,-46.041469166302704,591.34,545.2985308336973
7.9,22.71648598958795,1.6230979963736427e-11,CONSERVATIVE,-81.87252437967982,591.34,509.4674756203202
8.0,23.088234615290656,4.557050189053591e-11,CONSERVATIVE,-127.96808488173701,591.34,463.371915118263
8.100000000000001,23.488909454256984,6.845549934626089e-11,CONSERVATIVE,-184.34849688048416,591.34,406.99150311951587
8.2,23.890268503897975,9.196247754702268e-11,CONSERVATIVE,-251.03868426305417,591.34,340.30131573694587
8.3,24.260609652082593,1.2806944153491114e-10,CONSERVATIVE,-328.06818263829337,591.34,263.27181736170667
8.4,24.56479166327992,1.877314453146216e-10,CONSERVATIVE,-415.4711798099888,591.34,175.8688201900112
8.5,24.76371987394602,1.1031276402970816e-10,CONSERVATIVE,-513.2865628027939,591.34,78.05343719720611
8.600000000000001,24.813097300043253,1.5638869673034792e-10,CONSERVATIVE,-621.5579715850181,591.34,-30.217971585018063
8.7,24.661165839358926,2.0762543865428583e-10,CONSERVATIVE,-740.3338596524845,591.34,-148.9938596524845
8.8,24.24501075657858,1.1483719156316772e-10,CONSERVATIVE,-869.6675616609355,591.34,-278.32756166093543
8.9,23.484684461225527,6.043860549656053e-11,CONSERVATIVE,-1009.6173683170782,591.34,-418.2773683170782
9.0,22.27366080985114,3.73351645547843e-11,CONSERVATIVE,-1160.246608764137,591.34,-568.9066087641369
9.100000000000001,20.46215712043676,3.419802518192624e-11,CONSERVATIVE,-1321.6237407221488,591.34,-730.2837407221488
9.2,17.824265819894084,8.596551883431635e-12,CONSERVATIVE,-1493.8224486719191,591.34,-902.4824486719191
9.3,13.984776402665872,1.2068813024430269e-11,CONSERVATIVE,-1676.9217504005428,591.34,-1085.5817504005427
9.4,8.281202970545102,9.966026468339944e-11,CONSERVATIVE,-1871.0061122561965,591.34,-1279.6661122561964
9.5,1.033212887777474,2.2280752189280942e-10,CONSERVATIVE,-2076.1655734951055,591.34,-1484.8255734951053
9.600000000000001,1.0840088555236287,5.835082872160578e-11,CONSERVATIVE,-2292.4958801368703,591.34,-1701.15588013687
9.7,2.0402802933679225,2.580879658834621e-11,CONSERVATIVE,-2520.0986287839987,591.34,-1928.7586287839986
9.8,0.7826657540178305,1.1524599408401203e-11,CONSERVATIVE,-2759.0814209013915,591.34,-2167.7414209013914
9.9,0.026408277724932278,6.615882930068233e-12,CONSERVATIVE,-3009.558028095991,591.34,-2418.218028095991
10.0,0.7192543756201719,4.2442351682305996e-12,CONSERVATIVE,-3271.6485689843757,591.34,-2680.3085689843756
10.100000000000001,0.6576897132793289,3.383878798504555e-12,CONSERVATIVE,-3545.479698287876,591.34,-2954.139698287876
10.2,0.03766613122945422,2.5759296071303733e-12,CONSERVATIVE,-3831.184808849488,591.34,-3239.844808849488
10.3,0.23520416793037788,2.0162308463545656e-12,CONSERVATIVE,-4128.904247329054,591.34,-3537.5642473290536
10.4,0.42182241711093105,1.6789019838894265e-12,CONSERVATIVE,-4438.785544398372,591.34,-3847.4455443983716
10.5,0.05495327978603766,1.6008270038218481e-12,CONSERVATIVE,-4760.983660329264,591.34,-4169.643660329264
10.600000000000001,0.12173615449963794,1.3652999423699578e-12,CONSERVATIVE,-5095.661246946955,591.34,-4504.3212469469545
10.7,0.2569580371276196,1.2637138483568312e-12,CONSERVATIVE,-5442.988927006889,591.34,-4851.648927006889
10.8,0.014652033971280353,1.1865000258754241e-12,CONSERVATIVE,-5803.145592146109,591.34,-5211.805592146109
10.9,0.12583184067255185,1.069167780531698e-12,CONSERVATIVE,-6176.3187206643415,591.34,-5584.978720664341
11.0,0.12802605633522074,1.0521303630566171e-12,CONSERVATIVE,-6562.704716502289,591.34,-5971.3647165022885
