frequency_ghz,signal_power_dbm,gain_db,compression_db,observed_pump_depletion_db_port2,required_depletion_db,observed_minus_required_db,converted_fraction_relative_port2_pump,pump_port_reference_power_w,status
5.8,-156.02059991327963,4.467883133293019,0.0,-8.285651276196404e-09,5.1273798330210595e-08,-5.9559449606407e-08,1.9078416624296324e-09,1.184805698559986e-10,VALID_SOLVED
5.8,-150.68726657994628,4.467882531074839,6.022181802123328e-07,-2.832775258809761e-08,1.7507688816410452e-07,-2.0340464075220213e-07,6.522706041955928e-09,1.184805698559986e-10,VALID_SOLVED
5.8,-145.35393324661297,4.467880474723797,2.6585692216585244e-06,-9.67621769376592e-08,5.978085622891687e-07,-6.945707392268279e-07,2.2280314371236898e-08,1.184805698559986e-10,VALID_SOLVED
5.8,-140.02059991327963,4.467873453222056,9.680070962581055e-06,-3.3043163583101887e-07,2.0412462155447325e-06,-2.3716778513757513e-06,7.608469299036358e-08,1.184805698559986e-10,VALID_SOLVED
5.8,-134.6872665799463,4.467849477989815,3.365530320387222e-05,-1.128269904171475e-06,6.9699310115033204e-06,-8.098200915674796e-06,2.5979371243156635e-07,1.184805698559986e-10,VALID_SOLVED
5.8,-129.35393324661294,4.467767613968942,0.00011551932407716237,-3.852090120659568e-06,2.3799123973747745e-05,-2.7651214094407313e-05,8.869761355390082e-07,1.184805698559986e-10,VALID_SOLVED
5.8,-124.02059991327963,4.467488092009752,0.00039504128326672827,-1.31476064506586e-05,8.126273434783598e-05,-9.441034079849458e-05,3.027343679740113e-06,1.184805698559986e-10,VALID_SOLVED
5.8,-118.68726657994628,4.466533742209322,0.001349391083697249,-4.482010895756616e-05,0.0002774693101498537,-0.00032228941910741985,1.0320158221999165e-05,1.184805698559986e-10,VALID_SOLVED
5.8,-113.35393324661297,4.463276078980995,0.004607054312024239,-0.0001522168846932459,0.0009473594518564394,-0.0010995763365496854,3.504861874248366e-05,1.184805698559986e-10,VALID_SOLVED
5.8,-108.02059991327963,4.452164467508236,0.015718665784782537,-0.0005101849902082733,0.003233953618212724,-0.0037441386084209973,0.0001174675354610466,1.184805698559986e-10,VALID_SOLVED
5.8,-102.68726657994631,4.414361739538829,0.05352139375419007,-0.0016319120173644563,0.011032579920557577,-0.012664491937922033,0.0003756910388673651,1.184805698559986e-10,VALID_SOLVED
5.8,-97.35393324661295,4.286911694931415,0.18097143836160345,-0.0043426785301292625,0.037556316662366133,-0.041898995192495396,0.0009994389126218861,1.184805698559986e-10,VALID_SOLVED
5.8,-92.02059991327963,3.8709502698117677,0.5969328634812512,-0.002406232165036215,0.1269211452857632,-0.12932737745079942,0.0005539019709821513,1.184805698559986e-10,VALID_SOLVED
5.8,-86.68726657994628,2.632947703305058,1.834935429987961,0.09220659094302341,0.41890471333320156,-0.32669812239017815,-0.021458340915485374,1.184805698559986e-10,VALID_SOLVED
5.8,-81.35393324661295,0.3073008615365516,4.160582271756467,0.5746912880667683,1.289684122177079,-0.7149928341103107,-0.14148216113113632,1.184805698559986e-10,VALID_SOLVED
5.8,-76.02059991327963,1.074101751430094,3.393781381862925,0.8426454229954796,3.3858055802080016,-2.543160157212522,-0.2141281885714943,1.184805698559986e-10,VALID_SOLVED
6.03,-156.02059991327963,7.303655948183838,0.0,-6.887028369817472e-08,9.850828779526736e-08,-1.6737857149344207e-07,1.58579687159488e-08,1.184805698559986e-10,VALID_SOLVED
6.03,-150.68726657994628,7.303655158270646,7.899131917454838e-07,-2.3519688063800004e-07,3.363613543005026e-07,-5.715582349385026e-07,5.415608161918328e-08,1.184805698559986e-10,VALID_SOLVED
6.03,-145.35393324661297,7.303652461121246,3.487062592455459e-06,-8.031265252839148e-07,1.1485221761933288e-06,-1.9516487014772434e-06,1.8492669939806916e-07,1.184805698559986e-10,VALID_SOLVED
6.03,-140.02059991327963,7.303643251540893,1.2696642945009273e-05,-2.742342351425009e-06,3.92168385276137e-06,-6.664026204186379e-06,6.314474624291577e-07,1.184805698559986e-10,VALID_SOLVED
6.03,-134.6872665799463,7.303611805115886,4.414306795208489e-05,-9.363799849282373e-06,1.3390766585405074e-05,-2.2754566434687447e-05,2.1560922702779095e-06,1.184805698559986e-10,VALID_SOLVED
6.03,-129.35393324661294,7.3035044311533825,0.0001515170304555724,-3.197204404159493e-05,4.572325676178826e-05,-7.769530080338319e-05,7.361808102013256e-06,1.184805698559986e-10,VALID_SOLVED
6.03,-124.02059991327963,7.303137813802505,0.0005181343813331907,-0.0001091568042053126,0.00015612231052222612,-0.0002652791147275387,2.5133967152757286e-05,1.184805698559986e-10,VALID_SOLVED
6.03,-118.68726657994628,7.301886220160786,0.0017697280230519752,-0.0003725529391616078,0.0005330641253677533,-0.0009056170645293611,8.577980510859895e-05,1.184805698559986e-10,VALID_SOLVED
6.03,-113.35393324661297,7.297615161552019,0.00604078663181884,-0.0012701837885327194,0.0018199038527753504,-0.00309008764130807,0.00029242786031968837,1.184805698559986e-10,VALID_SOLVED
6.03,-108.02059991327963,7.283061458043594,0.02059449014024395,-0.004314849802884879,0.006211009430073939,-0.010525859232958817,0.0009930374950672949,1.184805698559986e-10,VALID_SOLVED
6.03,-102.68726657994631,7.2337139050764545,0.06994204310738361,-0.014477313021425076,0.021171279974532248,-0.03564859299595732,0.0033279744908881748,1.184805698559986e-10,VALID_SOLVED
6.03,-97.35393324661295,7.0691276405457115,0.2345283076381266,-0.046583669546850004,0.07186890731178062,-0.11845257685863063,0.01066896483049995,1.184805698559986e-10,VALID_SOLVED
6.03,-92.02059991327963,6.548061618240579,0.7555943299432588,-0.13040387631332528,0.24064937995684935,-0.3710532562701746,0.029580282062039553,1.184805698559986e-10,VALID_SOLVED
6.03,-86.68726657994628,5.093692767439486,2.209963180744352,-0.21682157446173278,0.7720279568952595,-0.9888495313569923,0.04869924252686675,1.184805698559986e-10,VALID_SOLVED
6.03,-81.35393324661295,1.8038498411321602,5.499806107051678,0.22729202550854843,2.212279726005621,-1.9849877004970726,-0.0537296550608648,1.184805698559986e-10,VALID_SOLVED
6.03,-76.02059991327963,0.7042668378209039,6.599389110362934,0.6820562073931828,5.143135662006985,-4.461079454613802,-0.17005323242376358,1.184805698559986e-10,VALID_SOLVED
6.257,-156.02059991327963,8.788233915751558,0.0,-1.092658461487872e-07,1.386534136750196e-07,-2.479192598238068e-07,2.515939057090577e-08,1.184805698559986e-10,VALID_SOLVED
6.257,-150.68726657994628,8.78823311413613,8.016154282586285e-07,-3.731295059594686e-07,4.7343883899813563e-07,-8.465683449576042e-07,8.591624012233012e-08,1.184805698559986e-10,VALID_SOLVED
6.257,-145.35393324661297,8.788230377041677,3.53870988156757e-06,-1.2741040116281965e-06,1.6165798405828659e-06,-2.8906838522110624e-06,2.9337324736200543e-07,1.184805698559986e-10,VALID_SOLVED
6.257,-140.02059991327963,8.788221031069938,1.2884681620306537e-05,-4.350515681039724e-06,5.5198883943992095e-06,-9.870404075438933e-06,1.0017427536368473e-06,1.184805698559986e-10,VALID_SOLVED
6.257,-134.6872665799463,8.78818911893264,4.479681891744747e-05,-1.4854958640952987e-05,1.8847899778374984e-05,-3.370285841932797e-05,3.420474782522831e-06,1.184805698559986e-10,VALID_SOLVED
6.257,-129.35393324661294,8.78808015476265,0.0001537609889084024,-5.072155201979456e-05,6.435673777113497e-05,-0.00011507828979092953,1.167900075738082e-05,1.184805698559986e-10,VALID_SOLVED
6.257,-124.02059991327963,8.787708107507127,0.0005258082444310475,-0.00017317416035211863,0.00021974529523040165,-0.0003929194555825203,3.9874029021613744e-05,1.184805698559986e-10,VALID_SOLVED
6.257,-118.68726657994628,8.786437994765384,0.0017959209861739822,-0.0005910978538352651,0.0007502852201870225,-0.0013413830740222877,0.00013609604876663184,1.184805698559986e-10,VALID_SOLVED
6.257,-113.35393324661297,8.782103854418942,0.006130061332616066,-0.0020158921686252995,0.0025613514050898626,-0.004577243573715162,0.0004640686124919302,1.184805698559986e-10,VALID_SOLVED
6.257,-108.02059991327963,8.767336599144551,0.020897316607007,-0.006855018231062715,0.008739639474900862,-0.015594657705963577,0.0015771812195098933,1.184805698559986e-10,VALID_SOLVED
6.257,-102.68726657994631,8.717280904082987,0.07095301166857126,-0.023080600505190674,0.0297697077064546,-0.05285030821164527,0.005300407670043805,1.184805698559986e-10,VALID_SOLVED
6.257,-97.35393324661295,8.550506186698668,0.23772772905289052,-0.0751703896483793,0.10081995281644593,-0.17599034246482523,0.01715968818536473,1.184805698559986e-10,VALID_SOLVED
6.257,-92.02059991327963,8.024330657736355,0.763903258015203,-0.21990952169718447,0.3350208621012095,-0.554930383798394,0.04937540180833999,1.184805698559986e-10,VALID_SOLVED
6.257,-86.68726657994628,6.581529675453991,2.206704240297567,-0.45990393279144826,1.0511116502293156,-1.5110155830207639,0.10048252110053091,1.184805698559986e-10,VALID_SOLVED
6.257,-81.35393324661295,3.374141901712301,5.414092014039257,-0.20462346644942997,2.8668160590969727,-3.0714395255464026,0.04602355093412225,1.184805698559986e-10,VALID_SOLVED
6.257,-76.02059991327963,-0.17874457819916234,8.96697849395072,1.002001004880837,6.224847643156586,-5.222846638275749,-0.259505593313172,1.184805698559986e-10,VALID_SOLVED
6.49,-156.02059991327963,12.869660230822157,0.0,-2.6074275893961385e-07,3.548731865442575e-07,-6.156159454838714e-07,6.003823715960976e-08,1.184805698559986e-10,VALID_SOLVED
6.49,-150.68726657994628,12.869658916065724,1.3147564335014295e-06,-8.90354629135004e-07,1.21173172125149e-06,-2.102086350386494e-06,2.0501170860942608e-07,1.184805698559986e-10,VALID_SOLVED
6.49,-145.35393324661297,12.86965442671317,5.804108987206291e-06,-3.0401925936729413e-06,4.137515789586771e-06,-7.1777083832597125e-06,7.000299695469892e-07,1.184805698559986e-10,VALID_SOLVED
6.49,-140.02059991327963,12.869639097648333,2.1133173824239293e-05,-1.0380889319705489e-05,1.412773363148569e-05,-2.4508622951191177e-05,2.3902852431811894e-06,1.184805698559986e-10,VALID_SOLVED
6.49,-134.6872665799463,12.869586756154817,7.347466734053398e-05,-3.544570695090954e-05,4.823964750915804e-05,-8.368535446006758e-05,8.161642337189967e-06,1.184805698559986e-10,VALID_SOLVED
6.49,-129.35393324661294,12.869408037467661,0.0002521933544965549,-0.00012102666946667284,0.00016471442529007607,-0.00028574109475674894,2.786703220392095e-05,1.184805698559986e-10,VALID_SOLVED
6.49,-124.02059991327963,12.868797839309709,0.0008623915124488235,-0.00041319945947471126,0.0005623997048413672,-0.0009755991643160785,9.513816565964728e-05,1.184805698559986e-10,VALID_SOLVED
6.49,-118.68726657994628,12.866715026019698,0.0029452048024598554,-0.0014102468120213985,0.001920041130478565,-0.0033302879424999634,0.0003246686124158682,1.184805698559986e-10,VALID_SOLVED
6.49,-113.35393324661297,12.859610835850788,0.010049394971369807,-0.004807996943117843,0.00655257802384839,-0.011360574966966233,0.0011064696194129642,1.184805698559986e-10,VALID_SOLVED
6.49,-108.02059991327963,12.83544297671498,0.03421725410717791,-0.0163318277642599,0.022333462138883826,-0.038665289903143725,0.003753480330951353,1.184805698559986e-10,VALID_SOLVED
6.49,-102.68726657994631,12.753948395610406,0.11571183521175143,-0.054790488491759604,0.07578993420559467,-0.13058042269735426,0.012536728389033636,1.184805698559986e-10,VALID_SOLVED
6.49,-97.35393324661295,12.48697622454338,0.38268400627877774,-0.1764333833468399,0.2535143200273395,-0.42994770337417937,0.03981114301293853,1.184805698559986e-10,VALID_SOLVED
6.49,-92.02059991327963,11.685187500841998,1.1844727299801594,-0.5013785070784991,0.810781154972099,-1.3121596620505982,0.1090319115944074,1.184805698559986e-10,VALID_SOLVED
6.49,-86.68726657994628,9.727373844514029,3.142286386308129,-1.026142017261785,2.306648394623213,-3.332790411884998,0.21043880027595852,1.184805698559986e-10,VALID_SOLVED
6.49,-81.35393324661295,6.112285151531459,6.757375079290698,-0.8534196010019226,5.305929303234224,-6.159348904236147,0.17840452270313867,1.184805698559986e-10,VALID_SOLVED
6.49,-76.02059991327963,0.9308261813730605,11.938834049449097,1.0749142923028163,9.624288841024883,-8.549374548722067,-0.2808298172044408,1.184805698559986e-10,VALID_SOLVED
6.71,-156.02059991327963,13.609190634932698,0.0,-3.58014871082446e-07,4.2075203411038044e-07,-7.787669051928264e-07,8.243596716361878e-08,1.184805698559986e-10,VALID_SOLVED
6.71,-150.68726657994628,13.609189098198662,1.5367340360228354e-06,-1.2224949674788377e-06,1.4366782146948636e-06,-2.6591731821737013e-06,2.8148982922360233e-07,1.184805698559986e-10,VALID_SOLVED
6.71,-145.35393324661297,13.609183851015555,6.783917143593499e-06,-4.1743007344052785e-06,4.905606020519325e-06,-9.079906754924603e-06,9.611678025711612e-07,1.184805698559986e-10,VALID_SOLVED
6.71,-140.02059991327963,13.60916593430461,2.4700628088680787e-05,-1.4253342071057773e-05,1.675040867050965e-05,-3.1003750741567424e-05,3.281947912214811e-06,1.184805698559986e-10,VALID_SOLVED
6.71,-134.6872665799463,13.609104757322061,8.587761063694188e-05,-4.8668211681146545e-05,5.719482274285429e-05,-0.00010586303442400083,1.1206207081948527e-05,1.184805698559986e-10,VALID_SOLVED
6.71,-129.35393324661294,13.608895871450269,0.00029476348242951644,-0.00016617352481951286,0.0001952914126164521,-0.00036146493743596493,3.8262136095812416e-05,1.184805698559986e-10,VALID_SOLVED
6.71,-124.02059991327963,13.608182689446087,0.0010079454866112059,-0.0005673319021823886,0.0006667958751185725,-0.0012341277773009612,0.0001306244659559086,1.184805698559986e-10,VALID_SOLVED
6.71,-118.68726657994628,13.605748631992123,0.003442002940575506,-0.001936244102809681,0.0022763852027397665,-0.004212629305549448,0.00044573731034802666,1.184805698559986e-10,VALID_SOLVED
6.71,-113.35393324661297,13.597449188787927,0.011741446144771572,-0.006600672582687039,0.007767914877219085,-0.014368587459906124,0.0015187066254074288,1.184805698559986e-10,VALID_SOLVED
6.71,-108.02059991327963,13.56924768853405,0.03994294639864826,-0.022414166947573477,0.026466848431875575,-0.048881015379449055,0.0051477573187133085,1.184805698559986e-10,VALID_SOLVED
6.71,-102.68726657994631,13.474516941408618,0.1346736935240802,-0.07512252188219826,0.08971521357509156,-0.1648377354572898,0.017148855298585675,1.184805698559986e-10,VALID_SOLVED
6.71,-97.35393324661295,13.167973418125689,0.44121721680700965,-0.24135544768894945,0.29899065540088005,-0.5403461030898296,0.054058116354704366,1.184805698559986e-10,VALID_SOLVED
6.71,-92.02059991327963,12.279028216245237,1.3301624186874612,-0.6868697304934503,0.9459547001149066,-1.6328244306083568,0.1462847743470561,1.184805698559986e-10,VALID_SOLVED
6.71,-86.68726657994628,10.246334811278173,3.3628558236545256,-1.4606967359405552,2.6267665468292707,-4.087463282769826,0.28561829093219715,1.184805698559986e-10,VALID_SOLVED
6.71,-81.35393324661295,6.841861753891094,6.767328881041604,-1.728719298996408,5.840282248024798,-7.569001547021206,0.3283731186755826,1.184805698559986e-10,VALID_SOLVED
6.71,-76.02059991327963,0.2810396651778891,13.328150969754809,0.9527021127820294,10.28903518383508,-9.336333071053051,-0.24528917035867392,1.184805698559986e-10,VALID_SOLVED
6.943,-156.02059991327963,13.636479953032588,0.0,-3.916115023372413e-07,4.2340419378973483e-07,-8.150156961269762e-07,9.017187663218351e-08,1.184805698559986e-10,VALID_SOLVED
6.943,-150.68726657994628,13.636478689824962,1.2632076256124947e-06,-1.3372123408572634e-06,1.4457341434251325e-06,-2.782946484282396e-06,3.079044728071523e-07,1.184805698559986e-10,VALID_SOLVED
6.943,-145.35393324661297,13.63647437652897,5.5765036179877825e-06,-4.566009534912041e-06,4.936527906550576e-06,-9.502537441462617e-06,1.051361996240452e-06,1.184805698559986e-10,VALID_SOLVED
6.943,-140.02059991327963,13.636459648587936,2.030444465184189e-05,-1.559085962732354e-05,1.6855992672067315e-05,-3.2446852299390854e-05,3.589921652724648e-06,1.184805698559986e-10,VALID_SOLVED
6.943,-134.6872665799463,13.636409359641728,7.059339085913052e-05,-5.323533252266088e-05,5.7555341108145026e-05,-0.00011079067363080591,1.2257813181149046e-05,1.184805698559986e-10,VALID_SOLVED
6.943,-129.35393324661294,13.63623764925681,0.00024230377577794115,-0.0001817693685399746,0.0001965223809289555,-0.0003782917494689301,4.185306797221955e-05,1.184805698559986e-10,VALID_SOLVED
6.943,-124.02059991327963,13.63565137860238,0.0008285744302067855,-0.0006205985006548786,0.0006709986188390239,-0.0012915971194939024,0.0001428878761891017,1.184805698559986e-10,VALID_SOLVED
6.943,-118.68726657994628,13.633650370581114,0.002829582451473911,-0.0021182928367107223,0.002290730342214823,-0.004409023178925545,0.00048763601773205156,1.184805698559986e-10,VALID_SOLVED
6.943,-113.35393324661297,13.626826118596291,0.009653834436296194,-0.007224207566494556,0.007816834964902413,-0.015041042531396969,0.0016620525234964934,1.184805698559986e-10,VALID_SOLVED
6.943,-108.02059991327963,13.60362160111606,0.032858351916527084,-0.02456531170432541,0.02663316855458214,-0.05119848025890755,0.005640404900680185,1.184805698559986e-10,VALID_SOLVED
6.943,-102.68726657994631,13.525499917977708,0.11098003505487952,-0.08271187385941836,0.09027488563396162,-0.17298675949338,0.018864900483789637,1.184805698559986e-10,VALID_SOLVED
6.943,-97.35393324661295,13.270880090172259,0.36559986286032853,-0.2696651038663287,0.3008115145498024,-0.5704766184161311,0.06020422205414733,1.184805698559986e-10,VALID_SOLVED
6.943,-92.02059991327963,12.51693998156557,1.1195399714670167,-0.7995514258742258,0.9513094176224297,-1.7508608434966555,0.168150313236076,1.184805698559986e-10,VALID_SOLVED
6.943,-86.68726657994628,10.72173315358141,2.914746799451178,-1.866543332127053,2.6391726681120495,-4.505716000239103,0.3493526477750639,1.184805698559986e-10,VALID_SOLVED
6.943,-81.35393324661295,7.480605024337162,6.155874928695425,-2.581065214638974,5.860476516919871,-8.441541731558845,0.4480579547617335,1.184805698559986e-10,VALID_SOLVED
6.943,-76.02059991327963,1.2457639899032278,12.39071596312936,0.22049646741992568,10.313778535310895,-10.09328206789097,-0.05208213661076222,1.184805698559986e-10,VALID_SOLVED
7.29,-156.02059991327963,15.51952823465637,0.0,-5.517044208147581e-07,6.53220749798834e-07,-1.204925170613592e-06,1.2703462948238098e-07,1.184805698559986e-10,VALID_SOLVED
7.29,-150.68726657994628,15.519526792089849,1.4425665213479988e-06,-1.8838573865309627e-06,2.230453772252144e-06,-4.114311158783106e-06,4.3377409952860546e-07,1.184805698559986e-10,VALID_SOLVED
7.29,-145.35393324661297,15.519521866323792,6.368332577721958e-06,-6.432555254676231e-06,7.615988693395257e-06,-1.4048543948071488e-05,1.4811494870592412e-06,1.184805698559986e-10,VALID_SOLVED
7.29,-140.02059991327963,15.51950504709976,2.318755661079308e-05,-2.1964265366491986e-05,2.600511055954247e-05,-4.796937592603446e-05,5.057446212264338e-06,1.184805698559986e-10,VALID_SOLVED
7.29,-134.6872665799463,15.519447617465392,8.061719097796072e-05,-7.499756931217405e-05,8.879507907533376e-05,-0.0001637926483875078,1.726867940554655e-05,1.184805698559986e-10,VALID_SOLVED
7.29,-129.35393324661294,15.519251526395628,0.00027670826074199795,-0.00025607678913353027,0.0003031876535742217,-0.000559264442707752,5.896212139788748e-05,1.184805698559986e-10,VALID_SOLVED
7.29,-124.02059991327963,15.51858202414657,0.0009462105098005935,-0.0008743154607184778,0.0010351618203695186,-0.0019094772810879963,0.0002012983114180189,1.184805698559986e-10,VALID_SOLVED
7.29,-118.68726657994628,15.516297584812307,0.0032306498440632936,-0.0029844661428715114,0.0035335939803791336,-0.006518060123250645,0.0006869626581462729,1.184805698559986e-10,VALID_SOLVED
7.29,-113.35393324661297,15.508511431030662,0.011016803625707894,-0.010180115893010822,0.012053796141069457,-0.02223391203408028,0.0023413131506961893,1.184805698559986e-10,VALID_SOLVED
7.29,-108.02059991327963,15.48207415071986,0.03745408393650962,-0.03463768227545394,0.04102110313347461,-0.07565878540892855,0.007943900207731835,1.184805698559986e-10,VALID_SOLVED
7.29,-102.68726657994631,15.392925287500427,0.1266029471559431,-0.1168081304952775,0.13850005059548642,-0.2553081810907639,0.026537587892788594,1.184805698559986e-10,VALID_SOLVED
7.29,-97.35393324661295,15.090345905442,0.4291823292143704,-0.38009058159297204,0.45576318521314163,-0.8358537668061137,0.08379861945674838,1.184805698559986e-10,VALID_SOLVED
7.29,-92.02059991327963,14.123218158756334,1.3963100759000362,-1.0839484624485216,1.3918994800434683,-2.47584794249199,0.22087856313901477,1.184805698559986e-10,VALID_SOLVED
7.29,-86.68726657994628,11.941497640245373,3.578030594410997,-2.4093167484507525,3.5984636378787087,-6.007780386329461,0.4257932081116066,1.184805698559986e-10,VALID_SOLVED
7.29,-81.35393324661295,8.836107059776094,6.6834211748802765,-4.150553633857514,7.327928029521786,-11.4784816633793,0.6154572421697154,1.184805698559986e-10,VALID_SOLVED
7.29,-76.02059991327963,3.228210503652792,12.291317731003577,-1.0476057587231118,12.052304844687802,-13.099910603410914,0.21433135001191972,1.184805698559986e-10,VALID_SOLVED
7.629,-156.02059991327963,16.23655164403793,0.0,-5.081303680043447e-07,7.704816631343315e-07,-1.2786120311386763e-06,1.1700133417669178e-07,1.184805698559986e-10,VALID_SOLVED
7.629,-150.68726657994628,16.23654979494538,1.8490925519643042e-06,-1.7350716792208232e-06,2.630846730822366e-06,-4.365918410043189e-06,3.995149385760399e-07,1.184805698559986e-10,VALID_SOLVED
7.629,-145.35393324661297,16.236543481242556,8.162795374744292e-06,-5.92451950254258e-06,8.983148172716154e-06,-1.4907667675258734e-05,1.3641700984390326e-06,1.184805698559986e-10,VALID_SOLVED
7.629,-140.02059991327963,16.236521924761224,2.9719276707140807e-05,-2.022955583314001e-05,3.067332187873431e-05,-5.090287771187432e-05,4.658016521386088e-06,1.184805698559986e-10,VALID_SOLVED
7.629,-134.6872665799463,16.23644834175599,0.00010330228193922153,-6.907435895975311e-05,0.00010473466363886713,-0.00017380902259862024,1.5904832441737682e-05,1.184805698559986e-10,VALID_SOLVED
7.629,-129.35393324661294,16.236197352776387,0.0003542912615444038,-0.0002358521783296652,0.0003576112162245622,-0.0005934633945542274,5.43054964003975e-05,1.184805698559986e-10,VALID_SOLVED
7.629,-124.02059991327963,16.235343912621154,0.0012077314167768805,-0.000805245705242541,0.001220959606620324,-0.002026205311862865,0.0001853974874702624,1.184805698559986e-10,VALID_SOLVED
7.629,-118.68726657994628,16.23246845122339,0.004083192814540837,-0.0027486654307775638,0.00416761201842282,-0.006916277449200384,0.0006327033634139223,1.184805698559986e-10,VALID_SOLVED
7.629,-113.35393324661297,16.223074304463264,0.013477339574667013,-0.009375953307378282,0.014214059058343439,-0.02359001236572172,0.0021565642983866207,1.184805698559986e-10,VALID_SOLVED
7.629,-108.02059991327963,16.194956753699262,0.04159489033866848,-0.03192994020911222,0.048344035664887486,-0.0802739758739997,0.007325179563915429,1.184805698559986e-10,VALID_SOLVED
7.629,-102.68726657994631,16.119112011783834,0.11743963225409715,-0.10848586376107505,0.1629015225421099,-0.27138738630318493,0.02467037994818322,1.184805698559986e-10,VALID_SOLVED
7.629,-97.35393324661295,15.80512937512426,0.4314222689136713,-0.35987070152999046,0.5327451349293411,-0.8926158364593315,0.0795230241470869,1.184805698559986e-10,VALID_SOLVED
7.629,-92.02059991327963,14.699379723211901,1.5371719208260295,-1.0093834733681124,1.600582663767613,-2.6099661371357255,0.20738615764593293,1.184805698559986e-10,VALID_SOLVED
7.629,-86.68726657994628,12.546296746518145,3.690254897519786,-2.234779782256398,4.016827539618116,-6.251607321874514,0.40224664579483116,1.184805698559986e-10,VALID_SOLVED
7.629,-81.35393324661295,9.049589848352444,7.186961795685487,-2.7728080656197207,7.92090912537787,-10.69371719099759,0.47189632044711116,1.184805698559986e-10,VALID_SOLVED
7.629,-76.02059991327963,2.2060129400965978,14.030538703941334,0.4620946004029296,12.727927024499168,-12.265832424096239,-0.11226804433390858,1.184805698559986e-10,VALID_SOLVED
