theta,mu,source_current_a,max_abs_sin_phi,max_abs_phi,min_cos_phi,strongest_branch,state_norm,pump_node_flux,time_s
0.0,1.1299598687329626e-05,1.0,0.7518638411391109,0.8508844618709706,0.6593184089554469,1829,6.329023969844416,-9.866573179775453e-18,0.0
0.05,1.1285798053503962e-05,0.9987502603949663,0.7520964097416774,0.8512372738034627,0.6590531013914426,1830,6.319567388930376,2.761419641769408e-16,1.0073097664044009e-12
0.1,1.1244419812903204e-05,0.9950041652780258,0.7547770349444016,0.8553141576263703,0.6559814231520109,1830,6.311577441422393,5.611611762350438e-16,2.0146195328088018e-12
0.15000000000000002,1.1175545313532369e-05,0.9887710779360422,0.7556956930030161,0.8567157212404017,0.6549229111709952,1790,6.305045497753168,8.444943415098328e-16,3.021929299213203e-12
0.2,1.1079317094007336e-05,0.9800665778412416,0.7572462243363779,0.8590864681356272,0.6531295091544249,1727,6.299945864693496,1.1254463188953976e-15,4.0292390656176035e-12
0.25,1.0955938843682497e-05,0.9689124217106447,0.757822919474928,0.8599698927823135,0.6524602843993624,1727,6.296237063684702,1.4033253518808108e-15,5.036548832022004e-12
0.3,1.0805675240868557e-05,0.955336489125606,0.7565479631254862,0.8580180290096941,0.6539382077006036,1727,6.293863404567788,1.6774450660929597e-15,6.043858598426405e-12
0.35,1.0628851667532974e-05,0.9393727128473789,0.7534035413595825,0.8532228726622841,0.6575584414079404,1727,6.292756658235794,1.947126488777603e-15,7.0511683648308055e-12
0.39999999999999997,1.0425853799087824e-05,0.9210609940028851,0.7518295874365495,0.850832510207737,0.6593574686427597,1728,6.292837672850283,2.211700058077401e-15,8.058478131235205e-12
0.44999999999999996,1.019712706809491e-05,0.900447102352677,0.7502776616743675,0.8484819639421473,0.6611228557480398,1688,6.294017835757464,2.470507591381067e-15,9.065787897639607e-12
0.49999999999999994,9.943176000955695e-06,0.8775825618903728,0.7479903236925736,0.845028945194264,0.6637096320397038,1688,6.296200342992354,2.722904184045075e-15,1.0073097664044007e-11
0.5499999999999999,9.664563426903519e-06,0.8525245220595058,0.7440247323860105,0.8390740032332898,0.668152076699553,1688,6.299281290155817,2.9682600134098984e-15,1.1080407430448408e-11
0.6,9.361909558877435e-06,0.8253356149096783,0.7384350844254977,0.830746684211082,0.6743245702845984,1688,6.303150636064136,3.205962028079127e-15,1.208771719685281e-11
0.65,9.035890946129866e-06,0.7960837985490559,0.7361714116779531,0.8273958772865687,0.676795133425241,1689,6.30769311015436,3.435415508681344e-15,1.3095026963257211e-11
0.7000000000000001,8.687239298704097e-06,0.7648421872844884,0.7337536054491474,0.8238303494655147,0.6794156654731894,2498,6.312789134840869,3.656045493342156e-15,1.4102336729661613e-11
0.7500000000000001,8.316740184211286e-06,0.7316888688738208,0.7311664338681065,0.820030202043642,0.6821991248782102,2395,6.3183158165009115,3.8672980682844925e-15,1.5109646496066016e-11
0.8000000000000002,7.925231597639786e-06,0.6967067093471653,0.7304644665153504,0.819001791423224,0.6829507033149937,2395,6.324148028642307,4.068641530763805e-15,1.6116956262470417e-11
0.8500000000000002,7.513602405241149e-06,0.659983145884982,0.7280685232914857,0.8155001188543698,0.6855043584049305,2395,6.330159576123703,4.259567437410106e-15,1.712426602887482e-11
0.9000000000000002,7.082790663856475e-06,0.6216099682706643,0.7240082512373638,0.8095955554222216,0.6897913105716934,2395,6.3362243991489215,4.4395915555762595e-15,1.813157579527922e-11
0.9500000000000003,6.63378181737296e-06,0.5816830894638833,0.7228617449385204,0.8079348959203145,0.6909926900513763,2396,6.342217757685461,4.608254738202166e-15,1.9138885561683622e-11
1.0000000000000002,6.16760677233245e-06,0.5403023058681395,0.7211347545107404,0.8054388630890951,0.6927948223224061,2396,6.3480173347686675,4.7651237438691305e-15,2.014619532808802e-11
1.0500000000000003,5.68533985505064e-06,0.49757104789172674,0.7207503601258765,0.8048841772656283,0.6931947189487376,1630,6.353504210041088,4.9097920231571666e-15,2.115350509449242e-11
1.1000000000000003,5.18809665294631e-06,0.4535961214255771,0.7233208879183509,0.8085995957206926,0.6905120513799946,1591,6.358563678115335,5.0418804902813186e-15,2.2160814860896823e-11
1.1500000000000004,4.677031743123302e-06,0.40848744088415695,0.7282326500327553,0.8157395741023475,0.685329998924803,1591,6.363085913100187,5.161038295525401e-15,2.3168124627301228e-11
1.2000000000000004,4.1533363115929855e-06,0.36235775447667323,0.7312445225101536,0.820144675120495,0.6821154215372187,1591,6.366966504074975,5.26694360953729e-15,2.417543439370563e-11
1.2500000000000004,3.6182356668703326e-06,0.31532236239526823,0.7323648773563781,0.8217885954899582,0.6809123926135999,1591,6.370106901389079,5.3593044254613836e-15,2.518274416011003e-11
1.3000000000000005,3.072986652021321e-06,0.26749882862458696,0.7323676985808139,0.8217927387993658,0.6809093581934692,1528,6.3724148180996645,5.43785937953145e-15,2.6190053926514432e-11
1.3500000000000005,2.518874959581985e-06,0.21900668709304105,0.7309555447094434,0.8197211218499573,0.6824250813521737,1528,6.373804625204386,5.5023785854838324e-15,2.7197363692918834e-11
1.4000000000000006,1.9572123541087495e-06,0.16996714290024037,0.7285536455076668,0.816208071624746,0.6849887485334989,1425,6.3741977664081615,5.5526644732940494e-15,2.8204673459323235e-11
1.4500000000000006,1.3893338074543818e-06,0.12050276936736595,0.7271232022878116,0.8141221115157378,0.6865069910020715,1425,6.373523202043814,5.5885526185552675e-15,2.9211983225727633e-11
1.5000000000000007,8.16594552192858e-07,0.07073720166770224,0.7268506719862979,0.8137252138276017,0.6867955304405141,1489,6.37171787657873,5.60991254551187e-15,3.021929299213204e-11
1.5500000000000007,2.4036705893815135e-07,0.02079482780309176,0.7247708568281168,0.8107017577084928,0.6889899891091578,1489,6.368727193145225,5.6166484844784846e-15,3.122660275853644e-11
1.6000000000000008,-3.3796205638472833e-07,-0.02919952230128948,0.7209063990755815,0.8051093047968086,0.693032440634548,1489,6.364505473579828,5.608700063192784e-15,3.223391252494084e-11
1.6500000000000008,-9.169951889545577e-07,-0.07912088880673475,0.7152977428506315,0.7970500789274833,0.698819818746429,1489,6.359016383879797,5.586042911585864e-15,3.3241222291345246e-11
1.7000000000000008,-1.4953269585002058e-06,-0.12884449429552552,0.7113442816900243,0.7914089952708023,0.7028437329214108,1386,6.35223331180631,5.548689160464777e-15,3.4248532057749644e-11
1.7500000000000009,-2.0715474728438594e-06,-0.17824605564949297,0.7109304144089008,0.7908203238021406,0.7032623592005963,2130,6.344139693628329,5.496687816595227e-15,3.525584182415405e-11
1.800000000000001,-2.644245634340046e-06,-0.22720209469308797,0.7105026288538715,0.7902122233831496,0.7036945462285022,2130,6.334729298119119,5.4301249995082634e-15,3.626315159055845e-11
1.850000000000001,-3.21201248175759e-06,-0.2755902468245138,0.7083665768553866,0.787181374383483,0.7058447370308726,2130,6.3240064850102105,5.349124028856927e-15,3.727046135696285e-11
1.900000000000001,-3.7734445599160027e-06,-0.3232895668635044,0.7058756333774457,0.7836585696839041,0.7083357891593435,2194,6.311986459441083,5.253845355112135e-15,3.827777112336725e-11
1.950000000000001,-4.32714730916936e-06,-0.37018083135128793,0.7042468703288653,0.7813617739238373,0.7099551715650773,2131,6.29869554151017,5.144486330587321e-15,3.9285080889771655e-11
2.000000000000001,-4.8717384666307455e-06,-0.4161468365471432,0.7021593842449356,0.778425738307916,0.7120198024751648,2131,6.284171460214697,5.021280821988498e-15,4.029239065617605e-11
2.0500000000000007,-5.405851470849796e-06,-0.46107269137671353,0.7031003921449513,0.7797482045938139,0.7110905980011377,2030,6.268463665134359,4.884498669674924e-15,4.129970042258045e-11
2.1000000000000005,-5.928138861495932e-06,-0.5048461045998579,0.7066955668709175,0.7848167875014531,0.7075177565015542,2031,6.25163363035496,4.7344450023787315e-15,4.230701018898484e-11
2.1500000000000004,-6.4372756654614825e-06,-0.5473576654802714,0.7094172465504063,0.7886710164721487,0.7047887416076112,2031,6.233755107805072,4.571459419094281e-15,4.331431995538924e-11
2.2,-6.931962760682981e-06,-0.5885011172553458,0.7104820094001488,0.7901829221062961,0.7037153645606488,2031,6.214914275910235,4.395915052074858e-15,4.432162972179364e-11
2.25,-7.410930208886483e-06,-0.6281736227227391,0.7098548629968937,0.7892921292803937,0.704347977550629,2031,6.195209727445193,4.208217526282696e-15,4.532893948819804e-11
2.3,-7.872940548394356e-06,-0.666276021279824,0.7102019113365131,0.7897849745434582,0.7039980434162894,1991,6.174752248531632,4.00880383119771e-15,4.6336249254602436e-11
2.3499999999999996,-8.316792038087791e-06,-0.7027130767735537,0.7092127178036814,0.7883808601822362,0.704994553812663,1992,6.153664357144645,3.7981411206272174e-15,4.7343559021006834e-11
2.3999999999999995,-8.741321843601416e-06,-0.7373937155412451,0.7108039410714575,0.7906405020866727,0.7033901885563119,1992,6.1320795905128405,3.576725455148848e-15,4.8350868787411226e-11
2.4499999999999993,-9.145409156835047e-06,-0.7702312540473069,0.7107963434730179,0.7906297007461095,0.703397866150721,1992,6.110141551839064,3.345080500180392e-15,4.9358178553815624e-11
2.499999999999999,-9.527978239902732e-06,-0.8011436155469331,0.709219051647454,0.7883898444678045,0.704988182014625,1992,6.088002743684915,3.1037561905532704e-15,5.036548832022002e-11
2.549999999999999,-9.888001384701684e-06,-0.8300535352352216,0.706095303340601,0.7839687388499856,0.7081168142336013,1992,6.065823225446764,2.853327370037668e-15,5.137279808662442e-11
2.5999999999999988,-1.0224501779373585e-05,-0.8568887533689465,0.7014429921522745,0.7774200961076575,0.7127255634256878,1992,6.043769134820189,2.5943924116992217e-15,5.238010785302882e-11
2.6499999999999986,-1.0536556273048314e-05,-0.8815821958782852,0.699816138713316,0.7751400717875331,0.7143230165663044,1993,6.022011109069403,2.327571822423258e-15,5.338741761943322e-11
2.6999999999999984,-1.082329803040574e-05,-0.9040721420170604,0.6971070671980907,0.7713545801365905,0.7169670402901912,1993,6.000722633701025,2.053506832568215e-15,5.4394727385837615e-11
2.7499999999999982,-1.1083919067764607e-05,-0.9243023786324629,0.6929791839745448,0.7656131500375146,0.7209575927736485,1993,5.98007833680538,1.772857969625518e-15,5.540203715224201e-11
2.799999999999998,-1.1317672662608977e-05,-0.9422223406686575,0.6907272277790798,0.7624942573430665,0.7231154104322679,1890,5.960252239722435,1.4863036130585532e-15,5.6409346918646406e-11
2.849999999999998,-1.1523875628691868e-05,-0.9577872375530897,0.6893165049591014,0.7605451746896023,0.7244603205082865,1931,5.941415970855393,1.1945385262280036e-15,5.7416656685050804e-11
2.8999999999999977,-1.1701910449112311e-05,-0.97095816514959,0.6897854290672194,0.7611926478717289,0.7240138547338386,1891,5.923736950241793,8.982723605137507e-16,5.84239664514552e-11
2.9499999999999975,-1.1851227260046157e-05,-0.9817022029984536,0.6892012055037152,0.7603860345352889,0.7245700092691014,1891,5.9073765574775186,5.982281264172376e-16,5.94312762178596e-11
2.9999999999999973,-1.1971345678121467e-05,-0.9899924966004451,0.6892171720400264,0.7604080706442126,0.7245548217803457,1829,5.8924883032966555,2.951406265517881e-16,6.0438585984264e-11
3.049999999999997,-1.2061856464766355e-05,-0.995808324539061,0.6920821155330025,0.764369619376257,0.7218187759814535,1829,5.879216033450917,-1.0245154037682746e-17,6.144589575066839e-11
3.099999999999997,-1.2122423021219653e-05,-0.9991351502732794,0.6934698189707837,0.7662939052052243,0.7204856765936631,1829,5.867692200352785,-3.1717570389395843e-16,6.24532055170728e-11
3.149999999999997,-1.2152782708282172e-05,-0.999964658471342,0.6933370394605841,0.7661096298739457,0.7206134537406531,1829,5.858036241545442,-6.24890689992684e-16,6.346051528347719e-11
3.1999999999999966,-1.2152747985297794e-05,-0.9982947757947532,0.6932283661199624,0.7659588341075773,0.7207179978373285,1830,5.850353103553522,-9.326247124994359e-16,6.446782504988158e-11
3.2499999999999964,-1.2122207363288189e-05,-0.9941296760805466,0.6941810730532537,0.767281561794667,0.7198004152642823,1830,5.8447319451106745,-1.2396091089805515e-15,6.547513481628598e-11
3.2999999999999963,-1.206112616762161e-05,-0.9874797699088654,0.6935643238065033,0.7664250817232667,0.7203947034389049,1830,5.8412450460466285,-1.5450738059991262e-15,6.648244458269038e-11
3.349999999999996,-1.1969547106073907e-05,-0.9783616785819349,0.6931936281366757,0.7659106360908736,0.7207514092325537,1727,5.839946938680364,-1.8482492144259496e-15,6.748975434909478e-11
3.399999999999996,-1.1847590638637307e-05,-0.9667981925794621,0.6934385787044368,0.7662505460996852,0.7205157441474617,1727,5.8408737689941255,-2.1483681632726575e-15,6.849706411549917e-11
3.4499999999999957,-1.1695455145948444e-05,-0.952818214594306,0.6920990203350976,0.7643930393709445,0.7218025672240285,1727,5.844042886534741,-2.444667865473627e-15,6.950437388190358e-11
3.4999999999999956,-1.1513416893740236e-05,-0.9364566872907979,0.6895620580730241,0.7608841756263878,0.7242265999437575,1728,5.849452655818096,-2.736391907856528e-15,7.051168364830797e-11
3.5499999999999954,-1.1301829791270939e-05,-0.9177545059662777,0.6891623657804982,0.7603324320777978,0.7246069511064787,1728,5.8570824783381745,-3.0227922565886633e-15,7.151899341471236e-11
3.599999999999995,-1.1061124942246629e-05,-0.8967584163341491,0.6872475936187609,0.7576932436686641,0.7264232547662709,1728,5.866893012899646,-3.303131268693126e-15,7.252630318111676e-11
3.649999999999995,-1.0791809987328875e-05,-0.8735208976839403,0.6837980292973166,0.752955147812134,0.7296713336352924,1728,5.878826582297799,-3.57668369980635e-15,7.353361294752116e-11
3.699999999999995,-1.0494468237905754e-05,-0.8481000317104109,0.6805437820198108,0.7485045334939944,0.7327074182469918,1688,5.892807755552865,-3.842738698193574e-15,7.454092271392556e-11
3.7499999999999947,-1.0169757601400018e-05,-0.8205593573395638,0.6776837373774215,0.7446081814936366,0.7353534878506867,1688,5.908744096157923,-4.100601775135327e-15,7.554823248032995e-11
3.7999999999999945,-9.818409298991123e-06,-0.7909677119144201,0.673487000667189,0.7389159796576096,0.7391990665120687,1688,5.926527067475709,-4.349596742119687e-15,7.655554224673436e-11
3.8499999999999943,-9.441226377236628e-06,-0.7593990591375116,0.6711423814508908,0.735748706918899,0.7413284722850101,1689,5.94603308614328,-4.589067605788931e-15,7.756285201313875e-11
3.899999999999994,-9.03908201569064e-06,-0.7259323042001442,0.6682833623986465,0.7318987909523196,0.7439068137483077,1689,5.967124713039361,-4.818380412257493e-15,7.857016177954314e-11
3.949999999999994,-8.612917633231265e-06,-0.690651096560512,0.6648899337091312,0.7273464523330424,0.746941347129925,2395,5.989651969229123,-5.03692503320324e-15,7.957747154594755e-11
3.999999999999994,-8.163740796423017e-06,-0.6536436208636166,0.6639930827914493,0.7261463950997462,0.7477387150636963,2395,6.013453761704018,-5.244116886999115e-15,8.058478131235194e-11
4.049999999999994,-7.692622933852085e-06,-0.6150023765255793,0.6617014949622448,0.7230858585978921,0.7497673849699854,2395,6.038359401139073,-5.439398589062842e-15,8.159209107875634e-11
4.099999999999993,-7.200696860980272e-06,-0.5748239465332743,0.660140301754591,0.7210055300592079,0.7511423180725191,1630,6.0641901917335534,-5.622241526527295e-15,8.259940084516073e-11
4.149999999999993,-6.689154120665196e-06,-0.5332087560371603,0.6609636087346406,0.7221021319233328,0.7504179554944571,1630,6.090761071814683,-5.792147353243169e-15,8.360671061156514e-11
4.199999999999993,-6.159242145088095e-06,-0.4902608213407056,0.6605514247431018,0.7215529921393512,0.7507808037435816,1631,6.117882283448773,-5.948649401988765e-15,8.461402037796953e-11
4.249999999999993,-5.61226124541421e-06,-0.44608748991379915,0.6622366144532046,0.7237997975938045,0.749294779427668,1631,6.145361049841382,-6.0913140115475605e-15,8.562133014437392e-11
4.299999999999993,-5.0495614360823115e-06,-0.40079917207998195,0.6623780633999207,0.7239885894461959,0.7491697411979282,1631,6.173003240704983,-6.2197417669907016e-15,8.662863991077833e-11
4.3499999999999925,-4.47253910117743e-06,-0.3545090650481386,0.6635674874392153,0.7255773622722465,0.7481164278463659,1528,6.200615007827397,-6.333568652035039e-15,8.763594967718272e-11
4.399999999999992,-3.882633510882345e-06,-0.30733286997842696,0.6646071229455461,0.7269678909785663,0.7471929952361999,1528,6.228004375549381,-6.432467112707584e-15,8.864325944358712e-11
4.449999999999992,-3.2813231965269334e-06,-0.2593885027896338,0.6655757519836398,0.7282649968284016,0.7463303011210334,1258,6.254982773527698,-6.516147031711167e-15,8.965056920999152e-11
4.499999999999992,-2.670122193258127e-06,-0.21079579943078752,0.6671373229297529,0.7303592863267453,0.7449347571124082,1258,6.281366501836841,-6.58435661284205e-15,9.065787897639591e-11
4.549999999999992,-2.050576159835249e-06,-0.1616762163536944,0.6670104462744258,0.7301889801625606,0.7450483639071971,1258,6.306978121020401,-6.6368831745635904e-15,9.166518874280031e-11
4.599999999999992,-1.42425838551393e-06,-0.11215252693506281,0.6693131408739884,0.733283937425238,0.7429804300608439,1259,6.331647762067543,-6.673553851416015e-15,9.26724985092047e-11
4.6499999999999915,-7.927656944150114e-07,-0.06234851460700052,0.670338796385332,0.7346652583008281,0.7420551853202458,1259,6.355214353423558,-6.69423620138545e-15,9.367980827560911e-11
4.699999999999991,-1.577142581811004e-07,-0.01238866346289944,0.6697219613262753,0.7338343177987571,0.74261194073169,1259,6.377526764022897,-6.698838716726787e-15,9.46871180420135e-11
4.749999999999991,4.792646718988916e-07,0.03760215288796768,0.6674291892030645,0.7307511562206795,0.7446732688902831,1259,6.398444862928159,-6.687311235108175e-15,9.56944278084179e-11
4.799999999999991,1.1165291017693238e-06,0.08749898343943754,0.6652907500193996,0.7278831907322463,0.7465843675959366,1260,6.417840497416182,-6.659645247394034e-15,9.67017375748223e-11
4.849999999999991,1.7524306886476296e-06,0.1371771121008985,0.6647076827461709,0.7271024824712667,0.7471035380040814,1260,6.435598392192135,-6.6158740979820946e-15,9.770904734122669e-11
4.899999999999991,2.3853191800974227e-06,0.18651236942256616,0.6626317446114105,0.7243272566243596,0.7489453725294245,1260,6.451616972734383,-6.556073073413257e-15,9.871635710763109e-11
4.94999999999999,3.0135468857591865e-06,0.2353814429544417,0.6590900931053818,0.7196082388546847,0.752063992736216,1261,6.465809115476651,-6.480359375023022e-15,9.972366687403549e-11
4.99999999999999,3.6354731691494477e-06,0.2836621854632169,0.6595742118008772,0.720252140658452,0.7516394475593013,1261,6.478102826549323,-6.388891971717055e-15,1.0073097664043989e-10
5.04999999999999,4.249468946762447e-06,0.3312339202367445,0.6587142962307827,0.7191086608312746,0.7523931657990951,1261,6.488441849119685,-6.281871329528294e-15,1.0173828640684428e-10
5.09999999999999,4.853921181568943e-06,0.3779777427129712,0.6588183219090867,0.7192469289336934,0.7523020794314574,1262,6.49678619707261,-6.1595390154246376e-15,1.0274559617324869e-10
5.14999999999999,5.44723735790568e-06,0.42377681767941855,0.6605902196951551,0.7216046661216633,0.7507466694185907,1262,6.5031126100435666,-6.022177173846456e-15,1.0375290593965308e-10
5.1999999999999895,6.027849924687122e-06,0.46851667130036767,0.6610117376655263,0.7221662699014594,0.7503755610815169,1262,6.507414921936818,-5.8701078756099755e-15,1.0476021570605747e-10
5.249999999999989,6.594220693848716e-06,0.5120854772418315,0.6630710144110371,0.7249139267258652,0.7485564974321699,1263,6.509704332380139,-5.7036923400598396e-15,1.0576752547246187e-10
5.299999999999989,7.144845180948933e-06,0.5543743361791519,0.6651426650287413,0.7276848582822285,0.7467163016557652,1263,6.510009568443008,-5.523330032631088e-15,1.0677483523886627e-10
5.349999999999989,7.678256874915817e-06,0.5952775479885976,0.6657757273421689,0.7285329736995716,0.7461519154180373,1263,6.508376922686732,-5.3294576412300756e-15,1.0778214500527067e-10
5.399999999999989,8.193031424023093e-06,0.6346928759426257,0.6648841790145297,0.7273387480134316,0.7469464696323123,1263,6.504870153421414,-5.122547936010608e-15,1.0878945477167506e-10
5.449999999999989,8.687790725321243e-06,0.6725218022484574,0.6648326300610579,0.72726973721767,0.7469923520398964,1264,6.499570233967587,-4.903108518157793e-15,1.0979676453807945e-10
5.4999999999999885,9.161206904930012e-06,0.7086697742912519,0.6645862983122254,0.7269400208361251,0.7472115176411922,1264,6.49257493965562,-4.6716804641572995e-15,1.1080407430448386e-10
5.549999999999988,9.612006176820942e-06,0.7430464409664022,0.6628179014761824,0.7245758426323429,0.7487806284104243,1264,6.483998264011785,-4.428836872689291e-15,1.1181138407088825e-10
5.599999999999988,1.0038972567980818e-05,0.7755658785102423,0.6594475016300319,0.7200835747308251,0.7517506186189068,1264,6.473969658769043,-4.175181321723598e-15,1.1281869383729266e-10
5.649999999999988,1.0440951498149505e-05,0.8061468052647083,0.6543903004923487,0.7133760254372359,0.7561569510501993,1264,6.462633095687874,-3.9113462435941834e-15,1.1382600360369705e-10
5.699999999999988,1.0816853202667577e-05,0.8347127848391529,0.6509858354979028,0.7088824218846088,0.7590898774065542,1265,6.45014595141645,-3.637991225799152e-15,1.1483331337010145e-10
5.749999999999988,1.1165655987349944e-05,0.8611924171615145,0.646925517503484,0.7035456797379352,0.7625531947365045,1265,6.436677719596307,-3.355801245022499e-15,1.1584062313650584e-10
5.799999999999987,1.1486409304720396e-05,0.8855195169413131,0.6413378517030505,0.6962406753314495,0.7672586004554892,1265,6.422408557078671,-3.0654848414326745e-15,1.1684793290291025e-10
5.849999999999987,1.1778236641397756e-05,0.907633279098408,0.6371265658528726,0.6907644378861828,0.770759196561757,1993,6.407527673508461,-2.7677722397206194e-15,1.1785524266931464e-10
5.899999999999987,1.204033820691593e-05,0.9274784307440309,0.6347219911694673,0.6876486969126069,0.772740573495314,1931,6.392231575774965,-2.4634134226442674e-15,1.1886255243571903e-10
5.949999999999987,1.2271993414786506e-05,0.9450053693342231,0.6346278941997827,0.687526932548508,0.772817854286215,1931,6.376722181058714,-2.1531761621022164e-15,1.1986986220212342e-10
5.999999999999987,1.2472563147172212e-05,0.9601702866503623,0.633268297323663,0.6857689285309873,0.7739323378724969,1931,6.361204814539121,-1.8378440120216446e-15,1.2087717196852784e-10
6.0499999999999865,1.2641491795131023e-05,0.9729352782968944,0.6327125143670849,0.6850510107208768,0.7743867729780006,1891,6.345886110326911,-1.5182142666678994e-15,1.2188448173493223e-10
6.099999999999986,1.2778309067012606e-05,0.9832684384425822,0.6323328414168723,0.6845608203373517,0.7746968295182733,1891,6.330971836838473,-1.1950958874118195e-15,1.2289179150133663e-10
6.149999999999986,1.2882631558239013e-05,0.9911439395684671,0.6330081390953421,0.6854328236140155,0.7741451387427631,1829,6.316664670556288,-8.693074005618297e-16,1.2389910126774102e-10
6.199999999999986,1.2954164076378811e-05,0.9965420970232163,0.6343318013762925,0.6871438587560407,0.7730609068907235,1829,6.303161944789549,-5.416747686054265e-16,1.249064110341454e-10
6.249999999999986,1.2992700716125676e-05,0.999449418224499,0.6343626696729608,0.687183789377429,0.7730355770114297,1829,6.290653402503452,-2.130292371200326e-16,1.2591372080054983e-10
6.299999999999986,1.29981622729844e-05,0.9998586363834154,0.6330621240078288,0.6855025604747935,0.7741009928599086,1829,6.279318983814647,1.157957549628356e-16,1.2692103056695422e-10
6.349999999999985,1.2970993472679905e-05,0.9977687286676851,0.6332306777279869,0.6857203211195319,0.773963118490897,1830,6.269326690347455,4.439776025242827e-16,1.279283403333586e-10
6.399999999999985,1.2911403943856526e-05,0.9931849187581944,0.6327347185766208,0.6850796843377494,0.7743686305034344,1830,6.260830597947291,7.706986341688169e-16,1.28935650099763e-10
6.449999999999985,1.2819542629302694e-05,0.986118663792515,0.631200253686864,0.683099715645616,0.7756199067492006,1727,6.253969012454058,1.095144535540643e-15,1.299429598661674e-10
6.499999999999985,1.2695639134464347e-05,0.9765876257280267,0.6320097272648607,0.6841438066520042,0.7749604535991474,1727,6.248862791333036,1.4165063205961788e-15,1.309502696325718e-10
6.549999999999985,1.2540003153550887e-05,0.9646156271962221,0.6384602746709309,0.6924960613414523,0.7696547782396466,1254,6.245613860403891,1.73398230666623e-15,1.319575793989762e-10
6.5999999999999845,1.2353023695460945e-05,0.9502325919585343,0.6487408785472204,0.7059287261816083,0.7610093774072568,1254,6.244303952513759,2.0467800869012823e-15,1.329648891653806e-10
6.649999999999984,1.2135168111462729e-05,0.9334744701125176,0.6572981629108745,0.7172280359601656,0.7536306290444871,1254,6.244993592094,2.354118497159374e-15,1.3397219893178499e-10
6.699999999999984,1.1886980927059235e-05,0.9143831482353258,0.6641259087770889,0.726324046010983,0.7476207442888445,1254,6.24772134589743,2.6552295722769784e-15,1.349795086981894e-10
6.749999999999984,1.160908248095809e-05,0.8930063446890839,0.6692176612760712,0.7331554359624022,0.7430664316440257,1254,6.252503355855745,2.9493604860676327e-15,1.359868184645938e-10
6.799999999999984,1.130216737454783e-05,0.8693974903498332,0.6725659149755124,0.737670626795787,0.7400372220457238,1254,6.259333164977081,3.2357754688688105e-15,1.369941282309982e-10
6.849999999999984,1.0967002735756187e-05,0.8436155950581682,0.6741616605515907,0.7398290499669741,0.7385838174793176,1254,6.268181841617031,3.5137576960062904e-15,1.3800143799740258e-10
6.8999999999999835,1.0604426301629765e-05,0.8157251001253666,0.6739943375389094,0.739602527649886,0.7387365111902123,1254,6.278998401449364,3.782611140176884e-15,1.3900874776380697e-10
6.949999999999983,1.021534432442773e-05,0.7857957172636715,0.672052227387182,0.7369767080492744,0.7405037499323873,1254,6.29171052023283,4.041662380471669e-15,1.400160575302114e-10
6.999999999999983,9.800729306463104e-06,0.7539022543433157,0.6683233049362102,0.7319524851787986,0.7438709297177444,1254,6.306225524257766,4.290262360581833e-15,1.4102336729661578e-10
7.049999999999983,9.361617569353475e-06,0.7201244284118058,0.6638768958664883,0.725991021426608,0.7478418730819207,1255,6.322431639426169,4.527788088658009e-15,1.4203067706302017e-10
7.099999999999983,8.899106663756645e-06,0.6845466664428189,0.6630712585492863,0.7249142528713001,0.7485562811745458,1255,6.3401994745402535,4.753644271343891e-15,1.4303798682942456e-10
7.149999999999983,8.414352626065583e-06,0.6472578943127372,0.6606551074754478,0.7216911004018453,0.7506895689741563,1255,6.359383709793713,4.967264874691219e-15,1.4404529659582896e-10
7.199999999999982,7.908567088919492e-06,0.6083513145322686,0.6575843873751848,0.7176078929901022,0.7533808953513508,1256,6.3798249578794834,5.1681146049995695e-15,1.4505260636223337e-10
7.249999999999982,7.383014252753223e-06,0.5679241732887095,0.6585203793049553,0.7188509563973956,0.7525628944082068,1256,6.401351762686748,5.355690303122939e-15,1.4605991612863777e-10
7.299999999999982,6.839007725954565e-06,0.5260775173811204,0.6579397544017969,0.7180796865112244,0.7530705674621093,1256,6.42378269932515,5.529522246449869e-15,1.4706722589504216e-10
7.349999999999982,6.277907241527393e-06,0.48291594165595336,0.6577683102629792,0.7178520490216292,0.7532203197031961,1257,6.446928539177034,5.689175353589304e-15,1.4807453566144655e-10
7.399999999999982,5.7011152584672916e-06,0.43854732757440706,0.6602041333147807,0.721090512548551,0.751086214994044,1257,6.470594444761703,5.8342502877588655e-15,1.4908184542785094e-10
7.4499999999999815,5.1100734563444526e-06,0.3930825735649579,0.6611172288886602,0.7223068631748639,0.7502826198617284,1257,6.494582161264147,5.964384455938556e-15,1.5008915519425536e-10
7.499999999999981,4.506259131855563e-06,0.3466353178350433,0.6614403806388215,0.7227376516487564,0.7499977485702014,1258,6.518692174457898,6.079252901967582e-15,1.5109646496065975e-10
7.549999999999981,3.891181506351423e-06,0.29932165433472485,0.6645152758385303,0.7268449748280348,0.7472746805407245,1258,6.542725808235542,6.178569092857563e-15,1.5210377472706414e-10
7.599999999999981,3.266377953569559e-06,0.2512598425822738,0.6660460168876435,0.7288952769274682,0.7459106537569395,1258,6.566487238840324,6.262085598599944e-15,1.5311108449346853e-10
7.649999999999981,2.6334101570005247e-06,0.20257001207696346,0.6659814278090921,0.7288086893696979,0.7459683222586352,1258,6.5897854069613695,6.329594666587509e-15,1.5411839425987295e-10
7.699999999999981,1.9938602064924878e-06,0.15337386203788367,0.6662252782901025,0.7291356282907505,0.7457505471451398,1259,6.6124358129218255,6.380928692391966e-15,1.5512570402627734e-10
7.7499999999999805,1.3493266438505413e-06,0.10379435721927241,0.667744759003078,0.7311750062151419,0.7443903121507703,1259,6.634262184084039,6.4159605890033895e-15,1.5613301379268174e-10
7.79999999999998,7.014204673147004e-07,0.05395542056266926,0.6677260193372302,0.7311498319833512,0.744407121876233,1259,6.655098007175557,6.434604056732288e-15,1.5714032355908613e-10
7.84999999999998,5.1761104903290615e-08,0.003981623454099278,0.6661181178512564,0.7289919427616716,0.7458462663781992,1259,6.67478792138938,6.436813755819278e-15,1.5814763332549052e-10
7.89999999999998,-5.98027633313715e-07,-0.04600212563951654,0.6652049046423855,0.7277682124613952,0.7466608566408949,1260,6.693188970745868,6.4225853834355564e-15,1.5915494309189494e-10
7.94999999999998,-1.2463216138942072e-06,-0.09587089337647749,0.6653396780202023,0.727948728442031,0.7465407643605093,1260,6.710171716264906,6.3919556562534746e-15,1.6016225285829933e-10
7.99999999999998,-1.8915004395117127e-06,-0.1455000338085933,0.6640130459324276,0.726173093433303,0.7477209872884001,1260,6.725621209957751,6.345002199198142e-15,1.6116956262470372e-10
8.04999999999998,-2.531951499104826e-06,-0.19476549993114045,0.6616858769053107,0.7230650282527862,0.7497811682778183,1261,6.739437833508464,6.281843340434644e-15,1.621768723911081e-10
8.09999999999998,-3.1660739985650383e-06,-0.24354415373577218,0.662365768608592,0.7239721783427359,0.7491806114519711,1261,6.7515380048044875,6.2026378121730386e-15,1.6318418215751253e-10
8.14999999999998,-3.7922829618883013e-06,-0.2917140739914078,0.6616958968439003,0.7230783921489472,0.7497723255095152,1261,6.761854755251859,6.1075843565412076e-15,1.6419149192391695e-10
8.199999999999982,-4.409013192789631e-06,-0.3391548609838178,0.6605151860328687,0.7215047251343587,0.7508126857079366,1262,6.7703381801569185,5.996921235622699e-15,1.6519880169032137e-10
8.249999999999982,-5.01472318687867e-06,-0.3857479374522054,0.6617663526702735,0.7231723656737169,0.7497101403032262,1262,6.776955763481627,5.870925644802375e-15,1.6620611145672578e-10
8.299999999999983,-5.607898984617862e-06,-0.4313768449706048,0.6617034646481449,0.7230884856635965,0.7497656466340942,1262,6.781692577110955,5.729913028808404e-15,1.672134212231302e-10
8.349999999999984,-6.187057955432843e-06,-0.4759275350332956,0.6610087804876738,0.72216232897791,0.7503781660724134,1263,6.784551353547433,5.574236300268866e-15,1.6822073098953462e-10
8.399999999999984,-6.750752503516734e-06,-0.5192886541166719,0.6622944010087518,0.7238769214797754,0.7492437029381419,1263,6.785552429811541,5.404284961188046e-15,1.6922804075593904e-10
8.449999999999985,-7.297573686065776e-06,-0.5613518220050597,0.6622557549750001,0.7238253425974445,0.749277862346468,1263,6.784733559410175,5.220484128453013e-15,1.7023535052234343e-10
8.499999999999986,-7.82615473490256e-06,-0.6020119026848123,0.6608093590016741,0.721896598763992,0.7505537895819303,1263,6.7821495886528576,5.023293465262726e-15,1.7124266028874785e-10
8.549999999999986,-8.335174472684681e-06,-0.6411672671295909,0.6598184577812815,0.7205771379941951,0.7514250480062076,1264,6.777871993432415,4.813206021182127e-15,1.7224997005515226e-10
8.599999999999987,-8.823360615160041e-06,-0.6787200473200032,0.6592004153061871,0.7197549408568586,0.7519672948075271,1264,6.771988272894223,4.590746984315752e-15,1.7325727982155668e-10
8.649999999999988,-9.289492951214882e-06,-0.7145763808626833,0.6572021941141639,0.7171007010768704,0.7537143199193769,1264,6.764601197209176,4.356472349824752e-15,1.742645895879611e-10
8.699999999999989,-9.73240639276609e-06,-0.7486466455973916,0.6537400346875489,0.7125163836763493,0.7567192128172261,1264,6.755827907919337,4.110967509637629e-15,1.7527189935436552e-10
8.74999999999999,-1.0150993886874652e-05,-0.7808456836057425,0.6504974627110789,0.7082392330064148,0.7595084272122651,1265,6.745798870990113,3.854845768696512e-15,1.7627920912076993e-10
8.79999999999999,-1.0544209182801446e-05,-0.8110930140616498,0.6479105823882132,0.7048381869815852,0.7617164021007861,1265,6.734656684707189,3.588746793415093e-15,1.7728651888717435e-10
8.84999999999999,-1.0911069447089224e-05,-0.8393130343914789,0.6439617310553973,0.6996653948646846,0.7650577030107835,1265,6.72255474681641,3.3133349981906205e-15,1.7829382865357877e-10
8.899999999999991,-1.1250657720134401e-05,-0.8654352092411078,0.6385650928495187,0.6926322575990597,0.7695678152015492,1265,6.709655787734575,3.029297875812354e-15,1.7930113841998319e-10
8.949999999999992,-1.1562125208108515e-05,-0.8893942467775781,0.6355281478458137,0.6886923880930137,0.7720776990016417,1266,6.6961302791773605,2.7373442774571116e-15,1.8030844818638758e-10
8.999999999999993,-1.1844693404500761e-05,-0.911130261884674,0.6315327831710238,0.6835285178479211,0.7753491753914882,1266,6.682154730085638,2.4382026476834015e-15,1.81315757952792e-10
9.049999999999994,-1.2097656035978836e-05,-0.9305889258445259,0.6266304203088486,0.6772218932530488,0.7793165700429804,1267,6.667909884223135,2.1326192194624095e-15,1.8232306771919641e-10
9.099999999999994,-1.2320380827704431e-05,-0.9477216021311102,0.6240699467398506,0.6739406786714953,0.7813684800247064,1267,6.6535788362164645,1.8213561738548445e-15,1.8333037748560083e-10
9.149999999999995,-1.2512311083691065e-05,-0.9624854679762359,0.6203374379385719,0.6691728517227415,0.7843350451763638,1267,6.639345085070562,1.5051897684959808e-15,1.8433768725200525e-10
9.199999999999996,-1.2672967078254116e-05,-0.9748436214041628,0.6174479701790874,0.6654942235756947,0.7866117238649096,1268,6.625390546279753,1.1849084386236734e-15,1.8534499701840967e-10
9.249999999999996,-1.2801947255075197e-05,-0.984765173467323,0.6149745234948709,0.6623536579306644,0.788546977327449,1268,6.611893545526876,8.613108740070395e-16,1.8635230678481408e-10
9.299999999999997,-1.2898929230883838e-05,-0.992225325452603,0.6113332904680875,0.657744277614379,0.7913732418811372,1268,6.599026818575732,5.352040748303272e-16,1.873596165512185e-10
9.349999999999998,-1.2963670601247753e-05,-0.9972054308652117,0.6090758408897137,0.6548948372872637,0.793111984554822,1269,6.5869555432649145,2.0740138937300862e-16,1.8836692631762292e-10
9.399999999999999,-1.2996009546457684e-05,-0.9996930420352065,0.6062804040831342,0.6513749441172507,0.7952509488361466,1269,6.575835430443732,-1.2127946378921543e-16,1.8937423608402734e-10
9.45,-1.2995865235992401e-05,-0.9996819412301848,0.6023141219094673,0.6463969098490295,0.7982591675317154,1269,6.565810901190036,-4.50018386356846e-16,1.9038154585043175e-10
9.5,-1.296323803055292e-05,-0.9971721561963784,0.5990200994486016,0.642276794902292,0.8007339885733511,1270,6.557013377646378,-7.779949008738473e-16,1.9138885561683615e-10
9.55,-1.289820948116091e-05,-0.9921699600893009,0.6037823077891182,0.648237423475762,0.7971492487613887,1254,6.549559714241347,-1.1043901583557505e-15,1.9239616538324056e-10
9.600000000000001,-1.2800942125323645e-05,-0.9846878557941267,0.6171542557294512,0.6651208863657441,0.7868421853427962,1254,6.543550794871679,-1.4283889498187122e-15,1.9340347514964498e-10
9.650000000000002,-1.2671679080774856e-05,-0.9747445446749889,0.6289240618728231,0.6801685331567743,0.77746673523527,1254,6.539070319769717,-1.7491817182660613e-15,1.944107849160494e-10
9.700000000000003,-1.251074343780702e-05,-0.9623648798313093,0.6390787720875227,0.6932999331426483,0.7691412894046867,1254,6.536183803256383,-2.06596656736044e-15,1.9541809468245382e-10
9.750000000000004,-1.2318537451713896e-05,-0.947579803977992,0.6476072118287599,0.7044399820880444,0.7619743428668577,1254,6.534937800397735,-2.377951262648429e-15,1.9642540444885823e-10
9.800000000000004,-1.2095541537361774e-05,-0.9304262721047519,0.6544988431299834,0.7135195794713767,0.756063002891633,1254,6.535359376794314,-2.6843552208215148e-15,1.9743271421526265e-10
9.850000000000005,-1.1842313068402509e-05,-0.9109471591078854,0.6597428202502449,0.7204764836588664,0.7514914577879466,1254,6.5374558314220685,-2.9844114821026705e-15,1.9844002398166707e-10
9.900000000000006,-1.155948498412966e-05,-0.8891911526253584,0.663327293202673,0.7252563426552178,0.7483294074753545,1254,6.541214677731788,-3.2773686604513196e-15,1.994473337480715e-10
9.950000000000006,-1.124776420745989e-05,-0.8652126313430685,0.6652390053292327,0.7278138843087101,0.746630474725331,1254,6.546603883248685,-3.562492865891122e-15,2.004546435144759e-10
10.000000000000007,-1.090792987799383e-05,-0.8390715290764486,0.6654632266745492,0.7281142355027261,0.7464306357216975,1254,6.553572362864709,-3.8390695928955175e-15,2.014619532808803e-10
10.050000000000008,-1.0540831404572852e-05,-0.8108331849671425,0.6639840576842767,0.7261343252969853,0.7477467292747746,1254,6.562050716063812,-4.106405568428685e-15,2.0246926304728471e-10
10.100000000000009,-1.0147386342199316e-05,-0.7805681801691782,0.6607851262365768,0.7218643127093114,0.7505751241178402,1254,6.571952193644899,-4.363830552949552e-15,2.0347657281368913e-10
10.15000000000001,-9.72857809862693e-06,-0.7483521614328408,0.6583205181184763,0.7185854131808445,0.7527377334930281,1255,6.583173875276866,-4.61069908746258e-15,2.0448388258009355e-10
10.20000000000001,-9.285453476353505e-06,-0.7142656520271928,0.6579292838375318,0.7180657827668434,0.7530797152154827,1255,6.595598035580886,-4.846392179562806e-15,2.0549119234649797e-10
10.25000000000001,-8.819120056159887e-06,-0.6783938504738375,0.6559329431004429,0.7154179400037947,0.754819166526388,1255,6.6090936735013415,-5.070318921397189e-15,2.0649850211290238e-10
10.300000000000011,-8.330743428734807e-06,-0.6408264175949852,0.6535544216525868,0.7122711231205816,0.7568795267004866,1256,6.623518177576437,-5.2819180325744405e-15,2.075058118793068e-10
10.350000000000012,-7.821544281305195e-06,-0.601657252408092,0.6545358706127792,0.7135685545800604,0.7560309478329383,1256,6.6387190983901165,-5.48065932132216e-15,2.0851312164571122e-10
10.400000000000013,-7.29279534655384e-06,-0.5609842574272185,0.6539873887371781,0.712843306774497,0.7565054496649228,1256,6.654535998977358,-5.6660450576295676e-15,2.0952043141211564e-10
10.450000000000014,-6.745818221450495e-06,-0.5189090939577304,0.6525583625004873,0.7109558620936878,0.7577384664451731,1257,6.670802354227569,-5.837611252732639e-15,2.1052774117852006e-10
10.500000000000014,-6.18198006394774e-06,-0.47553692799598,0.6547287961581002,0.7138237648511162,0.7558638789367864,1257,6.687347471317748,-5.994928840088688e-15,2.1153505094492445e-10
10.550000000000015,-5.602690175798095e-06,-0.4309761673690843,0.655394747082381,0.7147051475144995,0.7552865188104589,1257,6.703998404815825,-6.13760475392649e-15,2.1254236071132886e-10
10.600000000000016,-5.009396480033594e-06,-0.3853381907718149,0.6545104355933646,0.7135349122416242,0.7560529675223714,1257,6.72058184221594,-6.2652829025048655e-15,2.1354967047773328e-10
10.650000000000016,-4.403581901912261e-06,-0.3387370693778663,0.6566052788193901,0.7163090093415118,0.7542343852056275,1258,6.736925938180958,-6.377645034312973e-15,2.145569802441377e-10
10.700000000000017,-3.7867606623772703e-06,-0.2912892817213285,0.6579581360242467,0.7181040956692084,0.7530545074823594,1258,6.752862078549628,-6.47441149653071e-15,2.1556429001054212e-10
10.750000000000018,-3.1604744932931655e-06,-0.24311342256101276,0.6577743194242078,0.7178600270089517,0.7532150720119852,1258,6.768226558092386,-6.555341886068621e-15,2.1657159977694654e-10
10.800000000000018,-2.5262887839191255e-06,-0.19432990645531736,0.6573416656602759,0.717285761645523,0.7535926848019254,1259,6.7828621589530185,-6.620235594354261e-15,2.1757890954335095e-10
10.85000000000002,-1.885788668251053e-06,-0.14506066678854254,0.6589550550553384,0.7194286963835332,0.7521823152780288,1259,6.7966196195839395,-6.668932247674414e-15,2.1858621930975537e-10
10.90000000000002,-1.2405750630121057e-06,-0.09542885100093121,0.6590881162804301,0.719605610324807,0.7520657251716197,1259,6.809358986673591,-6.701312045282989e-15,2.195935290761598e-10
10.95000000000002,-5.922606661946313e-07,-0.04555851278420241,0.6576858317883069,0.7177425531283662,0.7532923381164334,1259,6.820950844992992,-6.717295997635532e-15,2.206008388425642e-10
11.000000000000021,5.753407384493732e-08,0.004425697988072102,0.657592989037673,0.717619310462197,0.7533733873508532,1260,6.831277422189852,-6.7168460670270185e-15,2.2160814860896862e-10
11.050000000000022,7.0718500866306e-07,0.05439884682023539,0.6579827910890296,0.7181368362174546,0.7530329651686508,1260,6.840233567286226,-6.699965212629864e-15,2.2261545837537302e-10
11.100000000000023,1.3550683492543579e-06,0.10423602686571984,0.6569304974232962,0.7167402806850213,0.7539511400317533,1260,6.847727602963408,-6.666697341509408e-15,2.2362276814177743e-10
11.150000000000023,1.999564724678474e-06,0.1538126711291134,0.6552464180537324,0.7145087764826079,0.7554152047898912,1261,6.853682052639706,-6.617127166700126e-15,2.2463007790818185e-10
11.200000000000024,2.6390632296440718e-06,0.20300486381877475,0.6559819127007729,0.7154828177692089,0.7547766094742441,1261,6.858034243877012,-6.5513799729250335e-15,2.2563738767458627e-10
11.250000000000025,3.2719654509331203e-06,0.2516896500717785,0.6553647103048205,0.7146653794813517,0.7553125819732376,1261,6.860736789824304,-6.4696212900945254e-15,2.2664469744099069e-10
11.300000000000026,3.896689462601501e-06,0.2997453432770386,0.6534266173090233,0.7121022785109262,0.756989865052424,1262,6.861757950269896,-6.3720564743808076e-15,2.276520072073951e-10
11.350000000000026,4.5116737799700215e-06,0.3470518292284632,0.6544309571141158,0.713429794125965,0.7561217642487897,1262,6.861081873494294,-6.258930196466303e-15,2.2865931697379952e-10
11.400000000000027,5.1153812625229e-06,0.3934908663479154,0.6541366993874372,0.713040692518829,0.7563763471410971,1262,6.858708719566395,-6.1305258365298685e-15,2.2966662674020394e-10
11.450000000000028,5.706302955958533e-06,0.43894638122757945,0.652464511375983,0.7108320118153411,0.7578192801683655,1262,6.854654665089719,-5.9871647856696656e-15,2.3067393650660836e-10
11.500000000000028,6.282961863789399e-06,0.48330475875303075,0.652691347395051,0.7111313777265963,0.757623920580411,1263,6.8489517887659055,-5.829205653757376e-15,2.3168124627301277e-10
11.55000000000003,6.843916639064078e-06,0.5264551260818522,0.6523549609029963,0.7106874606543987,0.7579135867532988,1263,6.841647836582281,-5.657043384156578e-15,2.3268855603941717e-10
11.60000000000003,7.38776518698398e-06,0.5682896297679985,0.6506693401601797,0.7084655558546022,0.7593611853232402,1263,6.832805865023543,-5.4711082762889216e-15,2.336958658058216e-10
11.65000000000003,7.913148169410154e-06,0.6087037053392427,0.648722191542536,0.7059041708874715,0.7610253072009164,1264,6.82250376051917,-5.2718649176611224e-15,2.3470317557222603e-10
11.700000000000031,8.418752402500704e-06,0.6475963386539003,0.6479783810478872,0.7049271980968341,0.7616587278398109,1264,6.810833633418326,-5.059811027634094e-15,2.357104853386304e-10
11.750000000000032,8.903314138986495e-06,0.6848703183835766,0.6459330545963922,0.702244897204509,0.7633940587794578,1264,6.79790108516678,-4.835476215883315e-15,2.3671779510503486e-10
11.800000000000033,9.365622226881191e-06,0.7204324789908609,0.6425014848067829,0.6977582497981446,0.7662844393703159,1264,6.783824348062665,-4.599420659127561e-15,2.3772510487143925e-10
11.850000000000033,9.80452113673045e-06,0.75419393359465,0.6400590635013795,0.6945751361642198,0.7683257090776912,1265,6.768733297989314,-4.352233700257289e-15,2.3873241463784365e-10
11.900000000000034,1.0218913849833782e-05,0.7860702961410602,0.6375916758166289,0.6913680324395611,0.7703744900561952,1265,6.752768341848672,-4.094532374446421e-15,2.397397244042481e-10
11.950000000000035,1.0607764600219983e-05,0.8159818923246142,0.6338220989665937,0.6864847067547054,0.7734788599965623,1265,6.7360791830188695,-3.8269598671623894e-15,2.407470341706525e-10
12.000000000000036,1.0970101463522644e-05,0.8438539587325111,0.6298085219929496,0.6813066752983264,0.7767504268586252,1266,6.718823469996177,-3.5501839091900518e-15,2.417543439370569e-10
12.050000000000036,1.1305018786284898e-05,0.869616829714223,0.6271046648126677,0.6778305812175454,0.7789350033027093,1266,6.701165335409162,-3.2648951138561844e-15,2.427616537034613e-10
12.100000000000037,1.161167944962141e-05,0.8932061115093393,0.6231892212161185,0.6728140276057979,0.782071093034417,1266,6.683273834761335,-2.9718052615938715e-15,2.4376896346986576e-10
12.150000000000038,1.1889316961579625e-05,0.9145628431984327,0.6194188117150672,0.66800217681922,0.7850607210232174,1267,6.665321296516417,-2.6716455368386347e-15,2.4477627323627015e-10
12.200000000000038,1.2137237372970466e-05,0.9336336440746513,0.6166478315063534,0.6644774326891751,0.7872391326010871,1267,6.647481597433545,-2.365164722026221e-15,2.457835830026746e-10
12.250000000000039,1.2354821011879913e-05,0.9503708470676857,0.6127265454016722,0.6595060308568518,0.7902949959098391,1267,6.629928379333312,-2.0531273531933484e-15,2.46790892769079e-10
12.30000000000004,1.254152403252606e-05,0.96473261788662,0.6100197362608631,0.6560854980613086,0.7923862198273182,1268,6.612833225671643,-1.7363118413965083e-15,2.4779820253548343e-10
12.35000000000004,1.2696879774590346e-05,0.9766830595838728,0.6071381471773034,0.6524539698096605,0.7945962938764005,1268,6.596363818355028,-1.4155085638865507e-15,2.488055123018878e-10
12.400000000000041,1.2820499929625315e-05,0.9861923022788704,0.6031707007722089,0.6474704034110957,0.7976121273714201,1269,6.580682097079582,-1.091517928731277e-15,2.498128220682922e-10
12.450000000000042,1.2912075511623512e-05,0.9932365778171933,0.6010319550288161,0.6447916775253423,0.7992249927487498,1269,6.565942445044092,-7.651484163820286e-16,2.5082013183469666e-10
12.500000000000043,1.2971377629321585e-05,0.9977982791785834,0.597866170747322,0.6408364816617711,0.8015959342935405,1269,6.552289926092992,-4.3721460154529807e-16,2.5182744160110105e-10
12.550000000000043,1.2998258058309232e-05,0.9998660044853256,0.59401837409265,0.6360448556152115,0.804451472271836,1270,6.539858599106691,-1.085351586529572e-16,2.528347513675055e-10
12.566370614359172,1.3e-05,1.0,0.5934045247990417,0.6352820047381484,0.8049043855937322,1270,6.5378703549109325,-8.994366826855833e-19,2.531645569620253e-10
